{
  "project_info": {
    "project_number": "945921017492",
    "firebase_url": "https://esdtest20181206-01.firebaseio.com",
    "project_id": "esdtest20181206-01",
    "storage_bucket": "esdtest20181206-01.appspot.com"
  },
  "client": [
    {
      "client_info": {
        "mobilesdk_app_id": "1:945921017492:android:4c4a00caf6d7a930985681",
        "android_client_info": {
          "package_name": "com.example.oa_setting_assistance"
        }
      },
      "oauth_client": [],
      "api_key": [
        {
          "current_key": "AIzaSyBQa8tiNEGU6fF2rDuce7p4grSMjWHzj_A"
        }
      ],
      "services": {
        "appinvite_service": {
          "other_platform_oauth_client": [
            {
              "client_id": "945921017492-s69s0d5bpq3brt7rhd51si53kccbggp8.apps.googleusercontent.com",
              "client_type": 3
            },
            {
              "client_id": "945921017492-rpq5f21rf6q9ue7lbacircemdikr0k0u.apps.googleusercontent.com",
              "client_type": 2,
              "ios_info": {
                "bundle_id": "jp.co.softbank.oanavitrial"
              }
            }
          ]
        }
      }
    }
  ],
  "configuration_version": "1"
}