{
    "logs": [
        {
            "outputFile": "/Users/hir-hata/Desktop/git/OA_Setting_Assistance/app/build/intermediates/incremental/mergeDebugResources/merged.dir/values-nl/values-nl.xml",
            "map": [
                {
                    "source": "/Users/hir-hata/.gradle/caches/transforms-2/files-2.1/ba59237a96471176b9695f534b23ae79/core-1.1.0/res/values-nl/values-nl.xml",
                    "from": {
                        "startLines": "2",
                        "startColumns": "4",
                        "startOffsets": "55",
                        "endColumns": "100",
                        "endOffsets": "151"
                    },
                    "to": {
                        "startLines": "48",
                        "startColumns": "4",
                        "startOffsets": "5716",
                        "endColumns": "100",
                        "endOffsets": "5812"
                    }
                },
                {
                    "source": "/Users/hir-hata/.gradle/caches/transforms-2/files-2.1/103f6da9cfcddff36db3c6dfd56355ef/appcompat-1.0.2/res/values-nl/values-nl.xml",
                    "from": {
                        "startLines": "2,3,4,5,6,7,8,9,10,11,12,13,14,15,16,17,18,19,20,21,22,23,24,25,26,27,28,29",
                        "startColumns": "4,4,4,4,4,4,4,4,4,4,4,4,4,4,4,4,4,4,4,4,4,4,4,4,4,4,4,4",
                        "startOffsets": "105,223,328,435,521,629,749,826,903,995,1089,1190,1284,1385,1479,1575,1670,1762,1854,1936,2047,2151,2250,2365,2478,2581,2736,2839",
                        "endColumns": "117,104,106,85,107,119,76,76,91,93,100,93,100,93,95,94,91,91,81,110,103,98,114,112,102,154,102,81",
                        "endOffsets": "218,323,430,516,624,744,821,898,990,1084,1185,1279,1380,1474,1570,1665,1757,1849,1931,2042,2146,2245,2360,2473,2576,2731,2834,2916"
                    },
                    "to": {
                        "startLines": "2,3,4,5,6,7,8,9,10,11,12,13,14,15,16,17,18,19,20,21,22,23,24,25,26,27,28,47",
                        "startColumns": "4,4,4,4,4,4,4,4,4,4,4,4,4,4,4,4,4,4,4,4,4,4,4,4,4,4,4,4",
                        "startOffsets": "105,223,328,435,521,629,749,826,903,995,1089,1190,1284,1385,1479,1575,1670,1762,1854,1936,2047,2151,2250,2365,2478,2581,2736,5634",
                        "endColumns": "117,104,106,85,107,119,76,76,91,93,100,93,100,93,95,94,91,91,81,110,103,98,114,112,102,154,102,81",
                        "endOffsets": "218,323,430,516,624,744,821,898,990,1084,1185,1279,1380,1474,1570,1665,1757,1849,1931,2042,2146,2245,2360,2473,2576,2731,2834,5711"
                    }
                },
                {
                    "source": "/Users/hir-hata/.gradle/caches/transforms-2/files-2.1/590c17bff0588ec43f4b663d912c90d0/jetified-play-services-base-17.0.0/res/values-nl/values.xml",
                    "from": {
                        "startLines": "4,5,6,7,8,9,10,11,12,13,14,15,16,17,18,19,20",
                        "startColumns": "0,0,0,0,0,0,0,0,0,0,0,0,0,0,0,0,0",
                        "startOffsets": "245,353,540,668,777,1003,1128,1277,1408,1645,1749,1949,2073,2295,2503,2597,2686",
                        "endColumns": "107,186,127,108,225,124,148,130,236,103,199,123,221,207,93,88,103",
                        "endOffsets": "352,539,667,776,1002,1127,1276,1407,1644,1748,1948,2072,2294,2502,2596,2685,2789"
                    },
                    "to": {
                        "startLines": "29,30,31,32,33,34,35,36,38,39,40,41,42,43,44,45,46",
                        "startColumns": "4,4,4,4,4,4,4,4,4,4,4,4,4,4,4,4,4",
                        "startOffsets": "2839,2951,3138,3270,3383,3609,3738,3891,4228,4465,4573,4773,4901,5123,5335,5433,5526",
                        "endColumns": "111,186,131,112,225,128,152,134,236,107,199,127,221,211,97,92,107",
                        "endOffsets": "2946,3133,3265,3378,3604,3733,3886,4021,4460,4568,4768,4896,5118,5330,5428,5521,5629"
                    }
                },
                {
                    "source": "/Users/hir-hata/.gradle/caches/transforms-2/files-2.1/c6a4fa9397969bc208d906381d004bef/jetified-play-services-basement-17.0.0/res/values-nl/values.xml",
                    "from": {
                        "startLines": "4",
                        "startColumns": "0",
                        "startOffsets": "247",
                        "endColumns": "201",
                        "endOffsets": "448"
                    },
                    "to": {
                        "startLines": "37",
                        "startColumns": "4",
                        "startOffsets": "4026",
                        "endColumns": "201",
                        "endOffsets": "4223"
                    }
                }
            ]
        }
    ]
}