{
    "logs": [
        {
            "outputFile": "/Users/hir-hata/Desktop/git/OA_Setting_Assistance/app/build/intermediates/incremental/mergeDebugResources/merged.dir/values-ml/values-ml.xml",
            "map": [
                {
                    "source": "/Users/hir-hata/.gradle/caches/transforms-2/files-2.1/ba59237a96471176b9695f534b23ae79/core-1.1.0/res/values-ml/values-ml.xml",
                    "from": {
                        "startLines": "2",
                        "startColumns": "4",
                        "startOffsets": "55",
                        "endColumns": "100",
                        "endOffsets": "151"
                    },
                    "to": {
                        "startLines": "48",
                        "startColumns": "4",
                        "startOffsets": "5805",
                        "endColumns": "100",
                        "endOffsets": "5901"
                    }
                },
                {
                    "source": "/Users/hir-hata/.gradle/caches/transforms-2/files-2.1/c6a4fa9397969bc208d906381d004bef/jetified-play-services-basement-17.0.0/res/values-ml/values.xml",
                    "from": {
                        "startLines": "4",
                        "startColumns": "0",
                        "startOffsets": "247",
                        "endColumns": "218",
                        "endOffsets": "465"
                    },
                    "to": {
                        "startLines": "37",
                        "startColumns": "4",
                        "startOffsets": "4089",
                        "endColumns": "218",
                        "endOffsets": "4303"
                    }
                },
                {
                    "source": "/Users/hir-hata/.gradle/caches/transforms-2/files-2.1/103f6da9cfcddff36db3c6dfd56355ef/appcompat-1.0.2/res/values-ml/values-ml.xml",
                    "from": {
                        "startLines": "2,3,4,5,6,7,8,9,10,11,12,13,14,15,16,17,18,19,20,21,22,23,24,25,26,27,28,29",
                        "startColumns": "4,4,4,4,4,4,4,4,4,4,4,4,4,4,4,4,4,4,4,4,4,4,4,4,4,4,4,4",
                        "startOffsets": "105,224,342,457,550,655,787,864,940,1031,1124,1226,1320,1421,1515,1610,1709,1800,1891,1973,2084,2190,2288,2402,2502,2613,2772,2873",
                        "endColumns": "118,117,114,92,104,131,76,75,90,92,101,93,100,93,94,98,90,90,81,110,105,97,113,99,110,158,100,81",
                        "endOffsets": "219,337,452,545,650,782,859,935,1026,1119,1221,1315,1416,1510,1605,1704,1795,1886,1968,2079,2185,2283,2397,2497,2608,2767,2868,2950"
                    },
                    "to": {
                        "startLines": "2,3,4,5,6,7,8,9,10,11,12,13,14,15,16,17,18,19,20,21,22,23,24,25,26,27,28,47",
                        "startColumns": "4,4,4,4,4,4,4,4,4,4,4,4,4,4,4,4,4,4,4,4,4,4,4,4,4,4,4,4",
                        "startOffsets": "105,224,342,457,550,655,787,864,940,1031,1124,1226,1320,1421,1515,1610,1709,1800,1891,1973,2084,2190,2288,2402,2502,2613,2772,5723",
                        "endColumns": "118,117,114,92,104,131,76,75,90,92,101,93,100,93,94,98,90,90,81,110,105,97,113,99,110,158,100,81",
                        "endOffsets": "219,337,452,545,650,782,859,935,1026,1119,1221,1315,1416,1510,1605,1704,1795,1886,1968,2079,2185,2283,2397,2497,2608,2767,2868,5800"
                    }
                },
                {
                    "source": "/Users/hir-hata/.gradle/caches/transforms-2/files-2.1/590c17bff0588ec43f4b663d912c90d0/jetified-play-services-base-17.0.0/res/values-ml/values.xml",
                    "from": {
                        "startLines": "4,5,6,7,8,9,10,11,12,13,14,15,16,17,18,19,20",
                        "startColumns": "0,0,0,0,0,0,0,0,0,0,0,0,0,0,0,0,0",
                        "startOffsets": "245,362,573,710,829,1052,1175,1306,1437,1678,1792,1997,2131,2339,2526,2616,2711",
                        "endColumns": "116,210,136,118,222,122,130,130,240,113,204,133,207,186,89,94,116",
                        "endOffsets": "361,572,709,828,1051,1174,1305,1436,1677,1791,1996,2130,2338,2525,2615,2710,2827"
                    },
                    "to": {
                        "startLines": "29,30,31,32,33,34,35,36,38,39,40,41,42,43,44,45,46",
                        "startColumns": "4,4,4,4,4,4,4,4,4,4,4,4,4,4,4,4,4",
                        "startOffsets": "2873,2994,3205,3346,3469,3692,3819,3954,4308,4549,4667,4872,5010,5218,5409,5503,5602",
                        "endColumns": "120,210,140,122,222,126,134,134,240,117,204,137,207,190,93,98,120",
                        "endOffsets": "2989,3200,3341,3464,3687,3814,3949,4084,4544,4662,4867,5005,5213,5404,5498,5597,5718"
                    }
                }
            ]
        }
    ]
}