{
    "logs": [
        {
            "outputFile": "/Users/hir-hata/Desktop/git/OA_Setting_Assistance/app/build/intermediates/incremental/mergeDebugResources/merged.dir/values-w820dp-v13/values-w820dp-v13.xml",
            "map": [
                {
                    "source": "/Users/hir-hata/Desktop/git/OA_Setting_Assistance/app/src/main/res/values-w820dp/dimens.xml",
                    "from": {
                        "startLines": "4",
                        "startColumns": "4",
                        "startOffsets": "291",
                        "endColumns": "57",
                        "endOffsets": "344"
                    },
                    "to": {
                        "startLines": "2",
                        "startColumns": "4",
                        "startOffsets": "55",
                        "endColumns": "57",
                        "endOffsets": "108"
                    }
                }
            ]
        }
    ]
}