{
    "logs": [
        {
            "outputFile": "/Users/hir-hata/Desktop/git/OA_Setting_Assistance/app/build/intermediates/incremental/mergeDebugResources/merged.dir/values-bg/values-bg.xml",
            "map": [
                {
                    "source": "/Users/hir-hata/.gradle/caches/transforms-2/files-2.1/c6a4fa9397969bc208d906381d004bef/jetified-play-services-basement-17.0.0/res/values-bg/values.xml",
                    "from": {
                        "startLines": "4",
                        "startColumns": "0",
                        "startOffsets": "247",
                        "endColumns": "196",
                        "endOffsets": "443"
                    },
                    "to": {
                        "startLines": "37",
                        "startColumns": "4",
                        "startOffsets": "4055",
                        "endColumns": "196",
                        "endOffsets": "4247"
                    }
                },
                {
                    "source": "/Users/hir-hata/.gradle/caches/transforms-2/files-2.1/103f6da9cfcddff36db3c6dfd56355ef/appcompat-1.0.2/res/values-bg/values-bg.xml",
                    "from": {
                        "startLines": "2,3,4,5,6,7,8,9,10,11,12,13,14,15,16,17,18,19,20,21,22,23,24,25,26,27,28,29",
                        "startColumns": "4,4,4,4,4,4,4,4,4,4,4,4,4,4,4,4,4,4,4,4,4,4,4,4,4,4,4,4",
                        "startOffsets": "105,220,327,432,518,623,744,823,901,992,1085,1181,1275,1376,1469,1564,1672,1763,1854,1937,2051,2160,2260,2374,2480,2588,2748,2847",
                        "endColumns": "114,106,104,85,104,120,78,77,90,92,95,93,100,92,94,107,90,90,82,113,108,99,113,105,107,159,98,82",
                        "endOffsets": "215,322,427,513,618,739,818,896,987,1080,1176,1270,1371,1464,1559,1667,1758,1849,1932,2046,2155,2255,2369,2475,2583,2743,2842,2925"
                    },
                    "to": {
                        "startLines": "2,3,4,5,6,7,8,9,10,11,12,13,14,15,16,17,18,19,20,21,22,23,24,25,26,27,28,47",
                        "startColumns": "4,4,4,4,4,4,4,4,4,4,4,4,4,4,4,4,4,4,4,4,4,4,4,4,4,4,4,4",
                        "startOffsets": "105,220,327,432,518,623,744,823,901,992,1085,1181,1275,1376,1469,1564,1672,1763,1854,1937,2051,2160,2260,2374,2480,2588,2748,5643",
                        "endColumns": "114,106,104,85,104,120,78,77,90,92,95,93,100,92,94,107,90,90,82,113,108,99,113,105,107,159,98,82",
                        "endOffsets": "215,322,427,513,618,739,818,896,987,1080,1176,1270,1371,1464,1559,1667,1758,1849,1932,2046,2155,2255,2369,2475,2583,2743,2842,5721"
                    }
                },
                {
                    "source": "/Users/hir-hata/.gradle/caches/transforms-2/files-2.1/590c17bff0588ec43f4b663d912c90d0/jetified-play-services-base-17.0.0/res/values-bg/values.xml",
                    "from": {
                        "startLines": "4,5,6,7,8,9,10,11,12,13,14,15,16,17,18,19,20",
                        "startColumns": "0,0,0,0,0,0,0,0,0,0,0,0,0,0,0,0,0",
                        "startOffsets": "245,352,549,682,791,1017,1150,1295,1429,1657,1767,1973,2109,2325,2517,2613,2698",
                        "endColumns": "106,196,132,108,225,132,144,133,227,109,205,135,215,191,95,84,97",
                        "endOffsets": "351,548,681,790,1016,1149,1294,1428,1656,1766,1972,2108,2324,2516,2612,2697,2795"
                    },
                    "to": {
                        "startLines": "29,30,31,32,33,34,35,36,38,39,40,41,42,43,44,45,46",
                        "startColumns": "4,4,4,4,4,4,4,4,4,4,4,4,4,4,4,4,4",
                        "startOffsets": "2847,2958,3155,3292,3405,3631,3768,3917,4252,4480,4594,4800,4940,5156,5352,5452,5541",
                        "endColumns": "110,196,136,112,225,136,148,137,227,113,205,139,215,195,99,88,101",
                        "endOffsets": "2953,3150,3287,3400,3626,3763,3912,4050,4475,4589,4795,4935,5151,5347,5447,5536,5638"
                    }
                },
                {
                    "source": "/Users/hir-hata/.gradle/caches/transforms-2/files-2.1/ba59237a96471176b9695f534b23ae79/core-1.1.0/res/values-bg/values-bg.xml",
                    "from": {
                        "startLines": "2",
                        "startColumns": "4",
                        "startOffsets": "55",
                        "endColumns": "100",
                        "endOffsets": "151"
                    },
                    "to": {
                        "startLines": "48",
                        "startColumns": "4",
                        "startOffsets": "5726",
                        "endColumns": "100",
                        "endOffsets": "5822"
                    }
                }
            ]
        }
    ]
}