{
    "logs": [
        {
            "outputFile": "/Users/hir-hata/Desktop/git/OA_Setting_Assistance/app/build/intermediates/incremental/mergeDebugResources/merged.dir/values-ar/values-ar.xml",
            "map": [
                {
                    "source": "/Users/hir-hata/.gradle/caches/transforms-2/files-2.1/590c17bff0588ec43f4b663d912c90d0/jetified-play-services-base-17.0.0/res/values-ar/values.xml",
                    "from": {
                        "startLines": "4,5,6,7,8,9,10,11,12,13,14,15,16,17,18,19,20",
                        "startColumns": "0,0,0,0,0,0,0,0,0,0,0,0,0,0,0,0,0",
                        "startOffsets": "245,347,523,643,746,943,1069,1206,1333,1529,1631,1812,1932,2130,2302,2392,2484",
                        "endColumns": "101,175,119,102,196,125,136,126,195,101,180,119,197,171,89,91,108",
                        "endOffsets": "346,522,642,745,942,1068,1205,1332,1528,1630,1811,1931,2129,2301,2391,2483,2592"
                    },
                    "to": {
                        "startLines": "29,30,31,32,33,34,35,36,38,39,40,41,42,43,44,45,46",
                        "startColumns": "4,4,4,4,4,4,4,4,4,4,4,4,4,4,4,4,4",
                        "startOffsets": "2779,2885,3061,3185,3292,3489,3619,3760,4080,4276,4382,4563,4687,4885,5061,5155,5251",
                        "endColumns": "105,175,123,106,196,129,140,130,195,105,180,123,197,175,93,95,112",
                        "endOffsets": "2880,3056,3180,3287,3484,3614,3755,3886,4271,4377,4558,4682,4880,5056,5150,5246,5359"
                    }
                },
                {
                    "source": "/Users/hir-hata/.gradle/caches/transforms-2/files-2.1/ba59237a96471176b9695f534b23ae79/core-1.1.0/res/values-ar/values-ar.xml",
                    "from": {
                        "startLines": "2",
                        "startColumns": "4",
                        "startOffsets": "55",
                        "endColumns": "100",
                        "endOffsets": "151"
                    },
                    "to": {
                        "startLines": "48",
                        "startColumns": "4",
                        "startOffsets": "5445",
                        "endColumns": "100",
                        "endOffsets": "5541"
                    }
                },
                {
                    "source": "/Users/hir-hata/.gradle/caches/transforms-2/files-2.1/c6a4fa9397969bc208d906381d004bef/jetified-play-services-basement-17.0.0/res/values-ar/values.xml",
                    "from": {
                        "startLines": "4",
                        "startColumns": "0",
                        "startOffsets": "247",
                        "endColumns": "188",
                        "endOffsets": "435"
                    },
                    "to": {
                        "startLines": "37",
                        "startColumns": "4",
                        "startOffsets": "3891",
                        "endColumns": "188",
                        "endOffsets": "4075"
                    }
                },
                {
                    "source": "/Users/hir-hata/.gradle/caches/transforms-2/files-2.1/103f6da9cfcddff36db3c6dfd56355ef/appcompat-1.0.2/res/values-ar/values-ar.xml",
                    "from": {
                        "startLines": "2,3,4,5,6,7,8,9,10,11,12,13,14,15,16,17,18,19,20,21,22,23,24,25,26,27,28,29",
                        "startColumns": "4,4,4,4,4,4,4,4,4,4,4,4,4,4,4,4,4,4,4,4,4,4,4,4,4,4,4,4",
                        "startOffsets": "105,222,326,435,517,618,732,811,890,981,1074,1170,1264,1365,1458,1553,1647,1738,1832,1911,2016,2117,2213,2321,2424,2527,2682,2779",
                        "endColumns": "116,103,108,81,100,113,78,78,90,92,95,93,100,92,94,93,90,93,78,104,100,95,107,102,102,154,96,80",
                        "endOffsets": "217,321,430,512,613,727,806,885,976,1069,1165,1259,1360,1453,1548,1642,1733,1827,1906,2011,2112,2208,2316,2419,2522,2677,2774,2855"
                    },
                    "to": {
                        "startLines": "2,3,4,5,6,7,8,9,10,11,12,13,14,15,16,17,18,19,20,21,22,23,24,25,26,27,28,47",
                        "startColumns": "4,4,4,4,4,4,4,4,4,4,4,4,4,4,4,4,4,4,4,4,4,4,4,4,4,4,4,4",
                        "startOffsets": "105,222,326,435,517,618,732,811,890,981,1074,1170,1264,1365,1458,1553,1647,1738,1832,1911,2016,2117,2213,2321,2424,2527,2682,5364",
                        "endColumns": "116,103,108,81,100,113,78,78,90,92,95,93,100,92,94,93,90,93,78,104,100,95,107,102,102,154,96,80",
                        "endOffsets": "217,321,430,512,613,727,806,885,976,1069,1165,1259,1360,1453,1548,1642,1733,1827,1906,2011,2112,2208,2316,2419,2522,2677,2774,5440"
                    }
                }
            ]
        }
    ]
}