{
    "logs": [
        {
            "outputFile": "/Users/hir-hata/Desktop/git/OA_Setting_Assistance/app/build/intermediates/incremental/mergeDebugResources/merged.dir/values-ur/values-ur.xml",
            "map": [
                {
                    "source": "/Users/hir-hata/.gradle/caches/transforms-2/files-2.1/103f6da9cfcddff36db3c6dfd56355ef/appcompat-1.0.2/res/values-ur/values-ur.xml",
                    "from": {
                        "startLines": "2,3,4,5,6,7,8,9,10,11,12,13,14,15,16,17,18,19,20,21,22,23,24,25,26,27,28,29",
                        "startColumns": "4,4,4,4,4,4,4,4,4,4,4,4,4,4,4,4,4,4,4,4,4,4,4,4,4,4,4,4",
                        "startOffsets": "105,215,321,430,516,620,740,816,892,984,1078,1174,1268,1370,1464,1560,1654,1746,1838,1923,2031,2140,2242,2353,2453,2561,2726,2824",
                        "endColumns": "109,105,108,85,103,119,75,75,91,93,95,93,101,93,95,93,91,91,84,107,108,101,110,99,107,164,97,79",
                        "endOffsets": "210,316,425,511,615,735,811,887,979,1073,1169,1263,1365,1459,1555,1649,1741,1833,1918,2026,2135,2237,2348,2448,2556,2721,2819,2899"
                    },
                    "to": {
                        "startLines": "2,3,4,5,6,7,8,9,10,11,12,13,14,15,16,17,18,19,20,21,22,23,24,25,26,27,28,47",
                        "startColumns": "4,4,4,4,4,4,4,4,4,4,4,4,4,4,4,4,4,4,4,4,4,4,4,4,4,4,4,4",
                        "startOffsets": "105,215,321,430,516,620,740,816,892,984,1078,1174,1268,1370,1464,1560,1654,1746,1838,1923,2031,2140,2242,2353,2453,2561,2726,5552",
                        "endColumns": "109,105,108,85,103,119,75,75,91,93,95,93,101,93,95,93,91,91,84,107,108,101,110,99,107,164,97,79",
                        "endOffsets": "210,316,425,511,615,735,811,887,979,1073,1169,1263,1365,1459,1555,1649,1741,1833,1918,2026,2135,2237,2348,2448,2556,2721,2819,5627"
                    }
                },
                {
                    "source": "/Users/hir-hata/.gradle/caches/transforms-2/files-2.1/c6a4fa9397969bc208d906381d004bef/jetified-play-services-basement-17.0.0/res/values-ur/values.xml",
                    "from": {
                        "startLines": "4",
                        "startColumns": "0",
                        "startOffsets": "247",
                        "endColumns": "210",
                        "endOffsets": "457"
                    },
                    "to": {
                        "startLines": "37",
                        "startColumns": "4",
                        "startOffsets": "3974",
                        "endColumns": "210",
                        "endOffsets": "4180"
                    }
                },
                {
                    "source": "/Users/hir-hata/.gradle/caches/transforms-2/files-2.1/590c17bff0588ec43f4b663d912c90d0/jetified-play-services-base-17.0.0/res/values-ur/values.xml",
                    "from": {
                        "startLines": "4,5,6,7,8,9,10,11,12,13,14,15,16,17,18,19,20",
                        "startColumns": "0,0,0,0,0,0,0,0,0,0,0,0,0,0,0,0,0",
                        "startOffsets": "245,351,547,671,780,979,1104,1242,1371,1582,1690,1893,2019,2224,2419,2508,2601",
                        "endColumns": "105,195,123,108,198,124,137,128,210,107,202,125,204,194,88,92,112",
                        "endOffsets": "350,546,670,779,978,1103,1241,1370,1581,1689,1892,2018,2223,2418,2507,2600,2713"
                    },
                    "to": {
                        "startLines": "29,30,31,32,33,34,35,36,38,39,40,41,42,43,44,45,46",
                        "startColumns": "4,4,4,4,4,4,4,4,4,4,4,4,4,4,4,4,4",
                        "startOffsets": "2824,2934,3130,3258,3371,3570,3699,3841,4185,4396,4508,4711,4841,5046,5245,5338,5435",
                        "endColumns": "109,195,127,112,198,128,141,132,210,111,202,129,204,198,92,96,116",
                        "endOffsets": "2929,3125,3253,3366,3565,3694,3836,3969,4391,4503,4706,4836,5041,5240,5333,5430,5547"
                    }
                },
                {
                    "source": "/Users/hir-hata/.gradle/caches/transforms-2/files-2.1/ba59237a96471176b9695f534b23ae79/core-1.1.0/res/values-ur/values-ur.xml",
                    "from": {
                        "startLines": "2",
                        "startColumns": "4",
                        "startOffsets": "55",
                        "endColumns": "100",
                        "endOffsets": "151"
                    },
                    "to": {
                        "startLines": "48",
                        "startColumns": "4",
                        "startOffsets": "5632",
                        "endColumns": "100",
                        "endOffsets": "5728"
                    }
                }
            ]
        }
    ]
}