{
    "logs": [
        {
            "outputFile": "/Users/hir-hata/Desktop/git/OA_Setting_Assistance/app/build/intermediates/incremental/mergeDebugResources/merged.dir/values-watch-v21/values-watch-v21.xml",
            "map": [
                {
                    "source": "/Users/hir-hata/.gradle/caches/transforms-2/files-2.1/103f6da9cfcddff36db3c6dfd56355ef/appcompat-1.0.2/res/values-watch-v21/values-watch-v21.xml",
                    "from": {
                        "startLines": "2,6,10",
                        "startColumns": "4,4,4",
                        "startOffsets": "55,271,499",
                        "endLines": "5,9,13",
                        "endColumns": "12,12,12",
                        "endOffsets": "266,494,724"
                    }
                }
            ]
        }
    ]
}