{
    "logs": [
        {
            "outputFile": "/Users/hir-hata/Desktop/git/OA_Setting_Assistance/app/build/intermediates/incremental/mergeDebugResources/merged.dir/values-ca/values-ca.xml",
            "map": [
                {
                    "source": "/Users/hir-hata/.gradle/caches/transforms-2/files-2.1/ba59237a96471176b9695f534b23ae79/core-1.1.0/res/values-ca/values-ca.xml",
                    "from": {
                        "startLines": "2",
                        "startColumns": "4",
                        "startOffsets": "55",
                        "endColumns": "100",
                        "endOffsets": "151"
                    },
                    "to": {
                        "startLines": "48",
                        "startColumns": "4",
                        "startOffsets": "5652",
                        "endColumns": "100",
                        "endOffsets": "5748"
                    }
                },
                {
                    "source": "/Users/hir-hata/.gradle/caches/transforms-2/files-2.1/590c17bff0588ec43f4b663d912c90d0/jetified-play-services-base-17.0.0/res/values-ca/values.xml",
                    "from": {
                        "startLines": "4,5,6,7,8,9,10,11,12,13,14,15,16,17,18,19,20",
                        "startColumns": "0,0,0,0,0,0,0,0,0,0,0,0,0,0,0,0,0",
                        "startOffsets": "245,348,532,657,764,973,1098,1247,1380,1610,1717,1907,2036,2259,2443,2534,2628",
                        "endColumns": "102,183,124,106,208,124,148,132,229,106,189,128,222,183,90,93,111",
                        "endOffsets": "347,531,656,763,972,1097,1246,1379,1609,1716,1906,2035,2258,2442,2533,2627,2739"
                    },
                    "to": {
                        "startLines": "29,30,31,32,33,34,35,36,38,39,40,41,42,43,44,45,46",
                        "startColumns": "4,4,4,4,4,4,4,4,4,4,4,4,4,4,4,4,4",
                        "startOffsets": "2834,2941,3125,3254,3365,3574,3703,3856,4187,4417,4528,4718,4851,5074,5262,5357,5455",
                        "endColumns": "106,183,128,110,208,128,152,136,229,110,189,132,222,187,94,97,115",
                        "endOffsets": "2936,3120,3249,3360,3569,3698,3851,3988,4412,4523,4713,4846,5069,5257,5352,5450,5566"
                    }
                },
                {
                    "source": "/Users/hir-hata/.gradle/caches/transforms-2/files-2.1/c6a4fa9397969bc208d906381d004bef/jetified-play-services-basement-17.0.0/res/values-ca/values.xml",
                    "from": {
                        "startLines": "4",
                        "startColumns": "0",
                        "startOffsets": "247",
                        "endColumns": "193",
                        "endOffsets": "440"
                    },
                    "to": {
                        "startLines": "37",
                        "startColumns": "4",
                        "startOffsets": "3993",
                        "endColumns": "193",
                        "endOffsets": "4182"
                    }
                },
                {
                    "source": "/Users/hir-hata/.gradle/caches/transforms-2/files-2.1/103f6da9cfcddff36db3c6dfd56355ef/appcompat-1.0.2/res/values-ca/values-ca.xml",
                    "from": {
                        "startLines": "2,3,4,5,6,7,8,9,10,11,12,13,14,15,16,17,18,19,20,21,22,23,24,25,26,27,28,29",
                        "startColumns": "4,4,4,4,4,4,4,4,4,4,4,4,4,4,4,4,4,4,4,4,4,4,4,4,4,4,4,4",
                        "startOffsets": "105,223,329,436,519,627,753,837,918,1009,1102,1196,1291,1390,1483,1576,1670,1761,1852,1935,2046,2155,2253,2363,2467,2575,2735,2834",
                        "endColumns": "117,105,106,82,107,125,83,80,90,92,93,94,98,92,92,93,90,90,82,110,108,97,109,103,107,159,98,80",
                        "endOffsets": "218,324,431,514,622,748,832,913,1004,1097,1191,1286,1385,1478,1571,1665,1756,1847,1930,2041,2150,2248,2358,2462,2570,2730,2829,2910"
                    },
                    "to": {
                        "startLines": "2,3,4,5,6,7,8,9,10,11,12,13,14,15,16,17,18,19,20,21,22,23,24,25,26,27,28,47",
                        "startColumns": "4,4,4,4,4,4,4,4,4,4,4,4,4,4,4,4,4,4,4,4,4,4,4,4,4,4,4,4",
                        "startOffsets": "105,223,329,436,519,627,753,837,918,1009,1102,1196,1291,1390,1483,1576,1670,1761,1852,1935,2046,2155,2253,2363,2467,2575,2735,5571",
                        "endColumns": "117,105,106,82,107,125,83,80,90,92,93,94,98,92,92,93,90,90,82,110,108,97,109,103,107,159,98,80",
                        "endOffsets": "218,324,431,514,622,748,832,913,1004,1097,1191,1286,1385,1478,1571,1665,1756,1847,1930,2041,2150,2248,2358,2462,2570,2730,2829,5647"
                    }
                }
            ]
        }
    ]
}