{
    "logs": [
        {
            "outputFile": "/Users/hir-hata/Desktop/git/OA_Setting_Assistance/app/build/intermediates/incremental/mergeDebugResources/merged.dir/values-th/values-th.xml",
            "map": [
                {
                    "source": "/Users/hir-hata/.gradle/caches/transforms-2/files-2.1/ba59237a96471176b9695f534b23ae79/core-1.1.0/res/values-th/values-th.xml",
                    "from": {
                        "startLines": "2",
                        "startColumns": "4",
                        "startOffsets": "55",
                        "endColumns": "100",
                        "endOffsets": "151"
                    },
                    "to": {
                        "startLines": "48",
                        "startColumns": "4",
                        "startOffsets": "5458",
                        "endColumns": "100",
                        "endOffsets": "5554"
                    }
                },
                {
                    "source": "/Users/hir-hata/.gradle/caches/transforms-2/files-2.1/103f6da9cfcddff36db3c6dfd56355ef/appcompat-1.0.2/res/values-th/values-th.xml",
                    "from": {
                        "startLines": "2,3,4,5,6,7,8,9,10,11,12,13,14,15,16,17,18,19,20,21,22,23,24,25,26,27,28,29",
                        "startColumns": "4,4,4,4,4,4,4,4,4,4,4,4,4,4,4,4,4,4,4,4,4,4,4,4,4,4,4,4",
                        "startOffsets": "105,210,308,416,505,607,717,794,872,963,1056,1152,1246,1347,1440,1535,1629,1720,1811,1892,2000,2104,2202,2310,2415,2516,2669,2764",
                        "endColumns": "104,97,107,88,101,109,76,77,90,92,95,93,100,92,94,93,90,90,80,107,103,97,107,104,100,152,94,80",
                        "endOffsets": "205,303,411,500,602,712,789,867,958,1051,1147,1241,1342,1435,1530,1624,1715,1806,1887,1995,2099,2197,2305,2410,2511,2664,2759,2840"
                    },
                    "to": {
                        "startLines": "2,3,4,5,6,7,8,9,10,11,12,13,14,15,16,17,18,19,20,21,22,23,24,25,26,27,28,47",
                        "startColumns": "4,4,4,4,4,4,4,4,4,4,4,4,4,4,4,4,4,4,4,4,4,4,4,4,4,4,4,4",
                        "startOffsets": "105,210,308,416,505,607,717,794,872,963,1056,1152,1246,1347,1440,1535,1629,1720,1811,1892,2000,2104,2202,2310,2415,2516,2669,5377",
                        "endColumns": "104,97,107,88,101,109,76,77,90,92,95,93,100,92,94,93,90,90,80,107,103,97,107,104,100,152,94,80",
                        "endOffsets": "205,303,411,500,602,712,789,867,958,1051,1147,1241,1342,1435,1530,1624,1715,1806,1887,1995,2099,2197,2305,2410,2511,2664,2759,5453"
                    }
                },
                {
                    "source": "/Users/hir-hata/.gradle/caches/transforms-2/files-2.1/590c17bff0588ec43f4b663d912c90d0/jetified-play-services-base-17.0.0/res/values-th/values.xml",
                    "from": {
                        "startLines": "4,5,6,7,8,9,10,11,12,13,14,15,16,17,18,19,20",
                        "startColumns": "0,0,0,0,0,0,0,0,0,0,0,0,0,0,0,0,0",
                        "startOffsets": "245,349,528,649,754,949,1071,1216,1349,1552,1655,1833,1953,2152,2329,2419,2513",
                        "endColumns": "103,178,120,104,194,121,144,132,202,102,177,119,198,176,89,93,108",
                        "endOffsets": "348,527,648,753,948,1070,1215,1348,1551,1654,1832,1952,2151,2328,2418,2512,2621"
                    },
                    "to": {
                        "startLines": "29,30,31,32,33,34,35,36,38,39,40,41,42,43,44,45,46",
                        "startColumns": "4,4,4,4,4,4,4,4,4,4,4,4,4,4,4,4,4",
                        "startOffsets": "2764,2872,3051,3176,3285,3480,3606,3755,4080,4283,4390,4568,4692,4891,5072,5166,5264",
                        "endColumns": "107,178,124,108,194,125,148,136,202,106,177,123,198,180,93,97,112",
                        "endOffsets": "2867,3046,3171,3280,3475,3601,3750,3887,4278,4385,4563,4687,4886,5067,5161,5259,5372"
                    }
                },
                {
                    "source": "/Users/hir-hata/.gradle/caches/transforms-2/files-2.1/c6a4fa9397969bc208d906381d004bef/jetified-play-services-basement-17.0.0/res/values-th/values.xml",
                    "from": {
                        "startLines": "4",
                        "startColumns": "0",
                        "startOffsets": "247",
                        "endColumns": "187",
                        "endOffsets": "434"
                    },
                    "to": {
                        "startLines": "37",
                        "startColumns": "4",
                        "startOffsets": "3892",
                        "endColumns": "187",
                        "endOffsets": "4075"
                    }
                }
            ]
        }
    ]
}