{
    "logs": [
        {
            "outputFile": "/Users/hir-hata/Desktop/git/OA_Setting_Assistance/app/build/intermediates/incremental/mergeDebugResources/merged.dir/values-en-rIN/values-en-rIN.xml",
            "map": [
                {
                    "source": "/Users/hir-hata/.gradle/caches/transforms-2/files-2.1/103f6da9cfcddff36db3c6dfd56355ef/appcompat-1.0.2/res/values-en-rIN/values-en-rIN.xml",
                    "from": {
                        "startLines": "2,3,4,5,6,7,8,9,10,11,12,13,14,15,16,17,18,19,20,21,22,23,24,25,26,27,28,29",
                        "startColumns": "4,4,4,4,4,4,4,4,4,4,4,4,4,4,4,4,4,4,4,4,4,4,4,4,4,4,4,4",
                        "startOffsets": "105,209,309,417,501,601,716,793,869,960,1053,1149,1243,1344,1437,1532,1626,1717,1808,1890,1993,2097,2196,2301,2404,2508,2664,2764",
                        "endColumns": "103,99,107,83,99,114,76,75,90,92,95,93,100,92,94,93,90,90,81,102,103,98,104,102,103,155,99,81",
                        "endOffsets": "204,304,412,496,596,711,788,864,955,1048,1144,1238,1339,1432,1527,1621,1712,1803,1885,1988,2092,2191,2296,2399,2503,2659,2759,2841"
                    }
                },
                {
                    "source": "/Users/hir-hata/.gradle/caches/transforms-2/files-2.1/ba59237a96471176b9695f534b23ae79/core-1.1.0/res/values-en-rIN/values-en-rIN.xml",
                    "from": {
                        "startLines": "2",
                        "startColumns": "4",
                        "startOffsets": "55",
                        "endColumns": "100",
                        "endOffsets": "151"
                    },
                    "to": {
                        "startLines": "30",
                        "startColumns": "4",
                        "startOffsets": "2846",
                        "endColumns": "100",
                        "endOffsets": "2942"
                    }
                }
            ]
        }
    ]
}