{
  "version": 1,
  "applicationId": "com.example.oa_setting_assistance",
  "variantType": "BASE_APK",
  "elements": [
    {
      "outputType": {
        "type": "BUNDLE_MANIFEST"
      },
      "apkData": {
        "type": "MAIN",
        "splits": [],
        "versionCode": 1,
        "versionName": "1.0",
        "outputFile": "AndroidSetting.apk",
        "fullName": "release",
        "baseName": "release",
        "dirName": ""
      },
      "path": "AndroidManifest.xml",
      "properties": {
        "packageId": "com.example.oa_setting_assistance",
        "split": "",
        "minSdkVersion": "21"
      }
    }
  ]
}