[
    {
        "merged": "/Users/hir-hata/Desktop/git/OA_Setting_Assistance/app/build/intermediates/res/merged/debug/drawable_bcdm_setup_4.png.flat",
        "source": "/Users/hir-hata/Desktop/git/OA_Setting_Assistance/app/src/main/res/drawable/bcdm_setup_4.png"
    },
    {
        "merged": "/Users/hir-hata/Desktop/git/OA_Setting_Assistance/app/build/intermediates/res/merged/debug/layout_custom_dialog.xml.flat",
        "source": "/Users/hir-hata/Desktop/git/OA_Setting_Assistance/app/src/main/res/layout/custom_dialog.xml"
    },
    {
        "merged": "/Users/hir-hata/Desktop/git/OA_Setting_Assistance/app/build/intermediates/res/merged/debug/drawable_smile_app_install_2.png.flat",
        "source": "/Users/hir-hata/Desktop/git/OA_Setting_Assistance/app/src/main/res/drawable/smile_app_install_2.png"
    },
    {
        "merged": "/Users/hir-hata/Desktop/git/OA_Setting_Assistance/app/build/intermediates/res/merged/debug/drawable_add_sb_account_5.png.flat",
        "source": "/Users/hir-hata/Desktop/git/OA_Setting_Assistance/app/src/main/res/drawable/add_sb_account_5.png"
    },
    {
        "merged": "/Users/hir-hata/Desktop/git/OA_Setting_Assistance/app/build/intermediates/res/merged/debug/drawable_coach_mark_button_layout.xml.flat",
        "source": "/Users/hir-hata/Desktop/git/OA_Setting_Assistance/app/src/main/res/drawable/coach_mark_button_layout.xml"
    },
    {
        "merged": "/Users/hir-hata/Desktop/git/OA_Setting_Assistance/app/build/intermediates/res/merged/debug/drawable_number_sans_white_4.png.flat",
        "source": "/Users/hir-hata/Desktop/git/OA_Setting_Assistance/app/src/main/res/drawable/number_sans_white_4.png"
    },
    {
        "merged": "/Users/hir-hata/Desktop/git/OA_Setting_Assistance/app/build/intermediates/res/merged/debug/drawable_deviceid_setup_3.png.flat",
        "source": "/Users/hir-hata/Desktop/git/OA_Setting_Assistance/app/src/main/res/drawable/deviceid_setup_3.png"
    },
    {
        "merged": "/Users/hir-hata/Desktop/git/OA_Setting_Assistance/app/build/intermediates/res/merged/debug/drawable_wifi_pre_setting_4.png.flat",
        "source": "/Users/hir-hata/Desktop/git/OA_Setting_Assistance/app/src/main/res/drawable/wifi_pre_setting_4.png"
    },
    {
        "merged": "/Users/hir-hata/Desktop/git/OA_Setting_Assistance/app/build/intermediates/res/merged/debug/drawable_anyconnect_setup_2_3.png.flat",
        "source": "/Users/hir-hata/Desktop/git/OA_Setting_Assistance/app/src/main/res/drawable/anyconnect_setup_2_3.png"
    },
    {
        "merged": "/Users/hir-hata/Desktop/git/OA_Setting_Assistance/app/build/intermediates/res/merged/debug/drawable_wifi_setting_1.png.flat",
        "source": "/Users/hir-hata/Desktop/git/OA_Setting_Assistance/app/src/main/res/drawable/wifi_setting_1.png"
    },
    {
        "merged": "/Users/hir-hata/Desktop/git/OA_Setting_Assistance/app/build/intermediates/res/merged/debug/drawable_number_sans_white_per.png.flat",
        "source": "/Users/hir-hata/Desktop/git/OA_Setting_Assistance/app/src/main/res/drawable/number_sans_white_per.png"
    },
    {
        "merged": "/Users/hir-hata/Desktop/git/OA_Setting_Assistance/app/build/intermediates/res/merged/debug/drawable_anyconnect_setup_1_3.png.flat",
        "source": "/Users/hir-hata/Desktop/git/OA_Setting_Assistance/app/src/main/res/drawable/anyconnect_setup_1_3.png"
    },
    {
        "merged": "/Users/hir-hata/Desktop/git/OA_Setting_Assistance/app/build/intermediates/res/merged/debug/drawable_safety_confirm_app.png.flat",
        "source": "/Users/hir-hata/Desktop/git/OA_Setting_Assistance/app/src/main/res/drawable/safety_confirm_app.png"
    },
    {
        "merged": "/Users/hir-hata/Desktop/git/OA_Setting_Assistance/app/build/intermediates/res/merged/debug/drawable_arrow_down.png.flat",
        "source": "/Users/hir-hata/Desktop/git/OA_Setting_Assistance/app/src/main/res/drawable/arrow_down.png"
    },
    {
        "merged": "/Users/hir-hata/Desktop/git/OA_Setting_Assistance/app/build/intermediates/res/merged/debug/anim_out_left.xml.flat",
        "source": "/Users/hir-hata/Desktop/git/OA_Setting_Assistance/app/src/main/res/anim/out_left.xml"
    },
    {
        "merged": "/Users/hir-hata/Desktop/git/OA_Setting_Assistance/app/build/intermediates/res/merged/debug/drawable_safety_confirm_contact_info.png.flat",
        "source": "/Users/hir-hata/Desktop/git/OA_Setting_Assistance/app/src/main/res/drawable/safety_confirm_contact_info.png"
    },
    {
        "merged": "/Users/hir-hata/Desktop/git/OA_Setting_Assistance/app/build/intermediates/res/merged/debug/drawable_add_sb_account_4.png.flat",
        "source": "/Users/hir-hata/Desktop/git/OA_Setting_Assistance/app/src/main/res/drawable/add_sb_account_4.png"
    },
    {
        "merged": "/Users/hir-hata/Desktop/git/OA_Setting_Assistance/app/build/intermediates/res/merged/debug/drawable_bcdm_setup_3.png.flat",
        "source": "/Users/hir-hata/Desktop/git/OA_Setting_Assistance/app/src/main/res/drawable/bcdm_setup_3.png"
    },
    {
        "merged": "/Users/hir-hata/Desktop/git/OA_Setting_Assistance/app/build/intermediates/res/merged/debug/drawable_wifi_pre_setting_3.png.flat",
        "source": "/Users/hir-hata/Desktop/git/OA_Setting_Assistance/app/src/main/res/drawable/wifi_pre_setting_3.png"
    },
    {
        "merged": "/Users/hir-hata/Desktop/git/OA_Setting_Assistance/app/build/intermediates/res/merged/debug/mipmap-anydpi-v26_ic_launcher_round.xml.flat",
        "source": "/Users/hir-hata/Desktop/git/OA_Setting_Assistance/app/src/main/res/mipmap-anydpi-v26/ic_launcher_round.xml"
    },
    {
        "merged": "/Users/hir-hata/Desktop/git/OA_Setting_Assistance/app/build/intermediates/res/merged/debug/drawable_smile_app_install_3.png.flat",
        "source": "/Users/hir-hata/Desktop/git/OA_Setting_Assistance/app/src/main/res/drawable/smile_app_install_3.png"
    },
    {
        "merged": "/Users/hir-hata/Desktop/git/OA_Setting_Assistance/app/build/intermediates/res/merged/debug/mipmap-xxhdpi_ic_launcher_round.png.flat",
        "source": "/Users/hir-hata/Desktop/git/OA_Setting_Assistance/app/src/main/res/mipmap-xxhdpi/ic_launcher_round.png"
    },
    {
        "merged": "/Users/hir-hata/Desktop/git/OA_Setting_Assistance/app/build/intermediates/res/merged/debug/layout_custom_list.xml.flat",
        "source": "/Users/hir-hata/Desktop/git/OA_Setting_Assistance/app/src/main/res/layout/custom_list.xml"
    },
    {
        "merged": "/Users/hir-hata/Desktop/git/OA_Setting_Assistance/app/build/intermediates/res/merged/debug/drawable_number_sans_white_5.png.flat",
        "source": "/Users/hir-hata/Desktop/git/OA_Setting_Assistance/app/src/main/res/drawable/number_sans_white_5.png"
    },
    {
        "merged": "/Users/hir-hata/Desktop/git/OA_Setting_Assistance/app/build/intermediates/res/merged/debug/drawable_number_sans_gray_9.png.flat",
        "source": "/Users/hir-hata/Desktop/git/OA_Setting_Assistance/app/src/main/res/drawable/number_sans_gray_9.png"
    },
    {
        "merged": "/Users/hir-hata/Desktop/git/OA_Setting_Assistance/app/build/intermediates/res/merged/debug/drawable_add_google_account_3.png.flat",
        "source": "/Users/hir-hata/Desktop/git/OA_Setting_Assistance/app/src/main/res/drawable/add_google_account_3.png"
    },
    {
        "merged": "/Users/hir-hata/Desktop/git/OA_Setting_Assistance/app/build/intermediates/res/merged/debug/drawable_deviceid_setup_4.png.flat",
        "source": "/Users/hir-hata/Desktop/git/OA_Setting_Assistance/app/src/main/res/drawable/deviceid_setup_4.png"
    },
    {
        "merged": "/Users/hir-hata/Desktop/git/OA_Setting_Assistance/app/build/intermediates/res/merged/debug/drawable_emc_call_setup_2.png.flat",
        "source": "/Users/hir-hata/Desktop/git/OA_Setting_Assistance/app/src/main/res/drawable/emc_call_setup_2.png"
    },
    {
        "merged": "/Users/hir-hata/Desktop/git/OA_Setting_Assistance/app/build/intermediates/res/merged/debug/drawable_wifi_setting_2.png.flat",
        "source": "/Users/hir-hata/Desktop/git/OA_Setting_Assistance/app/src/main/res/drawable/wifi_setting_2.png"
    },
    {
        "merged": "/Users/hir-hata/Desktop/git/OA_Setting_Assistance/app/build/intermediates/res/merged/debug/drawable_number_sans_green_1.png.flat",
        "source": "/Users/hir-hata/Desktop/git/OA_Setting_Assistance/app/src/main/res/drawable/number_sans_green_1.png"
    },
    {
        "merged": "/Users/hir-hata/Desktop/git/OA_Setting_Assistance/app/build/intermediates/res/merged/debug/layout_coach_mark_target_bottom.xml.flat",
        "source": "/Users/hir-hata/Desktop/git/OA_Setting_Assistance/app/src/main/res/layout/coach_mark_target_bottom.xml"
    },
    {
        "merged": "/Users/hir-hata/Desktop/git/OA_Setting_Assistance/app/build/intermediates/res/merged/debug/drawable_arrow_left_yellow.png.flat",
        "source": "/Users/hir-hata/Desktop/git/OA_Setting_Assistance/app/src/main/res/drawable/arrow_left_yellow.png"
    },
    {
        "merged": "/Users/hir-hata/Desktop/git/OA_Setting_Assistance/app/build/intermediates/res/merged/debug/drawable_done.png.flat",
        "source": "/Users/hir-hata/Desktop/git/OA_Setting_Assistance/app/src/main/res/drawable/done.png"
    },
    {
        "merged": "/Users/hir-hata/Desktop/git/OA_Setting_Assistance/app/build/intermediates/res/merged/debug/drawable_smile_app_install_4.png.flat",
        "source": "/Users/hir-hata/Desktop/git/OA_Setting_Assistance/app/src/main/res/drawable/smile_app_install_4.png"
    },
    {
        "merged": "/Users/hir-hata/Desktop/git/OA_Setting_Assistance/app/build/intermediates/res/merged/debug/drawable_add_sb_account_3.png.flat",
        "source": "/Users/hir-hata/Desktop/git/OA_Setting_Assistance/app/src/main/res/drawable/add_sb_account_3.png"
    },
    {
        "merged": "/Users/hir-hata/Desktop/git/OA_Setting_Assistance/app/build/intermediates/res/merged/debug/drawable_open_window.png.flat",
        "source": "/Users/hir-hata/Desktop/git/OA_Setting_Assistance/app/src/main/res/drawable/open_window.png"
    },
    {
        "merged": "/Users/hir-hata/Desktop/git/OA_Setting_Assistance/app/build/intermediates/res/merged/debug/drawable_slack_install.png.flat",
        "source": "/Users/hir-hata/Desktop/git/OA_Setting_Assistance/app/src/main/res/drawable/slack_install.png"
    },
    {
        "merged": "/Users/hir-hata/Desktop/git/OA_Setting_Assistance/app/build/intermediates/res/merged/debug/drawable-v24_ic_launcher_foreground.xml.flat",
        "source": "/Users/hir-hata/Desktop/git/OA_Setting_Assistance/app/src/main/res/drawable-v24/ic_launcher_foreground.xml"
    },
    {
        "merged": "/Users/hir-hata/Desktop/git/OA_Setting_Assistance/app/build/intermediates/res/merged/debug/drawable_bcdm_setup_6.png.flat",
        "source": "/Users/hir-hata/Desktop/git/OA_Setting_Assistance/app/src/main/res/drawable/bcdm_setup_6.png"
    },
    {
        "merged": "/Users/hir-hata/Desktop/git/OA_Setting_Assistance/app/build/intermediates/res/merged/debug/drawable_number_sans_gray_8.png.flat",
        "source": "/Users/hir-hata/Desktop/git/OA_Setting_Assistance/app/src/main/res/drawable/number_sans_gray_8.png"
    },
    {
        "merged": "/Users/hir-hata/Desktop/git/OA_Setting_Assistance/app/build/intermediates/res/merged/debug/drawable_deviceid_setup_5.png.flat",
        "source": "/Users/hir-hata/Desktop/git/OA_Setting_Assistance/app/src/main/res/drawable/deviceid_setup_5.png"
    },
    {
        "merged": "/Users/hir-hata/Desktop/git/OA_Setting_Assistance/app/build/intermediates/res/merged/debug/drawable_number_sans_white_6.png.flat",
        "source": "/Users/hir-hata/Desktop/git/OA_Setting_Assistance/app/src/main/res/drawable/number_sans_white_6.png"
    },
    {
        "merged": "/Users/hir-hata/Desktop/git/OA_Setting_Assistance/app/build/intermediates/res/merged/debug/mipmap-mdpi_ic_launcher_round.png.flat",
        "source": "/Users/hir-hata/Desktop/git/OA_Setting_Assistance/app/src/main/res/mipmap-mdpi/ic_launcher_round.png"
    },
    {
        "merged": "/Users/hir-hata/Desktop/git/OA_Setting_Assistance/app/build/intermediates/res/merged/debug/drawable_number_sans_green_0.png.flat",
        "source": "/Users/hir-hata/Desktop/git/OA_Setting_Assistance/app/src/main/res/drawable/number_sans_green_0.png"
    },
    {
        "merged": "/Users/hir-hata/Desktop/git/OA_Setting_Assistance/app/build/intermediates/res/merged/debug/drawable_wifi_pre_setting_5.png.flat",
        "source": "/Users/hir-hata/Desktop/git/OA_Setting_Assistance/app/src/main/res/drawable/wifi_pre_setting_5.png"
    },
    {
        "merged": "/Users/hir-hata/Desktop/git/OA_Setting_Assistance/app/build/intermediates/res/merged/debug/drawable_progress_bar_full_layout.xml.flat",
        "source": "/Users/hir-hata/Desktop/git/OA_Setting_Assistance/app/src/main/res/drawable/progress_bar_full_layout.xml"
    },
    {
        "merged": "/Users/hir-hata/Desktop/git/OA_Setting_Assistance/app/build/intermediates/res/merged/debug/drawable_add_google_account_4.png.flat",
        "source": "/Users/hir-hata/Desktop/git/OA_Setting_Assistance/app/src/main/res/drawable/add_google_account_4.png"
    },
    {
        "merged": "/Users/hir-hata/Desktop/git/OA_Setting_Assistance/app/build/intermediates/res/merged/debug/drawable_emc_call_setup_3.png.flat",
        "source": "/Users/hir-hata/Desktop/git/OA_Setting_Assistance/app/src/main/res/drawable/emc_call_setup_3.png"
    },
    {
        "merged": "/Users/hir-hata/Desktop/git/OA_Setting_Assistance/app/build/intermediates/res/merged/debug/anim_out_right.xml.flat",
        "source": "/Users/hir-hata/Desktop/git/OA_Setting_Assistance/app/src/main/res/anim/out_right.xml"
    },
    {
        "merged": "/Users/hir-hata/Desktop/git/OA_Setting_Assistance/app/build/intermediates/res/merged/debug/drawable_os_update_1.png.flat",
        "source": "/Users/hir-hata/Desktop/git/OA_Setting_Assistance/app/src/main/res/drawable/os_update_1.png"
    },
    {
        "merged": "/Users/hir-hata/Desktop/git/OA_Setting_Assistance/app/build/intermediates/res/merged/debug/drawable_number_sans_white_3.png.flat",
        "source": "/Users/hir-hata/Desktop/git/OA_Setting_Assistance/app/src/main/res/drawable/number_sans_white_3.png"
    },
    {
        "merged": "/Users/hir-hata/Desktop/git/OA_Setting_Assistance/app/build/intermediates/res/merged/debug/layout_fragment_tab.xml.flat",
        "source": "/Users/hir-hata/Desktop/git/OA_Setting_Assistance/app/src/main/res/layout/fragment_tab.xml"
    },
    {
        "merged": "/Users/hir-hata/Desktop/git/OA_Setting_Assistance/app/build/intermediates/res/merged/debug/drawable_deviceid_setup_2.png.flat",
        "source": "/Users/hir-hata/Desktop/git/OA_Setting_Assistance/app/src/main/res/drawable/deviceid_setup_2.png"
    },
    {
        "merged": "/Users/hir-hata/Desktop/git/OA_Setting_Assistance/app/build/intermediates/res/merged/debug/drawable_add_google_account_1.png.flat",
        "source": "/Users/hir-hata/Desktop/git/OA_Setting_Assistance/app/src/main/res/drawable/add_google_account_1.png"
    },
    {
        "merged": "/Users/hir-hata/Desktop/git/OA_Setting_Assistance/app/build/intermediates/res/merged/debug/drawable_number_sans_green_3.png.flat",
        "source": "/Users/hir-hata/Desktop/git/OA_Setting_Assistance/app/src/main/res/drawable/number_sans_green_3.png"
    },
    {
        "merged": "/Users/hir-hata/Desktop/git/OA_Setting_Assistance/app/build/intermediates/res/merged/debug/mipmap-xxxhdpi_ic_launcher_round.png.flat",
        "source": "/Users/hir-hata/Desktop/git/OA_Setting_Assistance/app/src/main/res/mipmap-xxxhdpi/ic_launcher_round.png"
    },
    {
        "merged": "/Users/hir-hata/Desktop/git/OA_Setting_Assistance/app/build/intermediates/res/merged/debug/drawable_anyconnect_setup_2_2.png.flat",
        "source": "/Users/hir-hata/Desktop/git/OA_Setting_Assistance/app/src/main/res/drawable/anyconnect_setup_2_2.png"
    },
    {
        "merged": "/Users/hir-hata/Desktop/git/OA_Setting_Assistance/app/build/intermediates/res/merged/debug/drawable_anyconnect_setup_1_2.png.flat",
        "source": "/Users/hir-hata/Desktop/git/OA_Setting_Assistance/app/src/main/res/drawable/anyconnect_setup_1_2.png"
    },
    {
        "merged": "/Users/hir-hata/Desktop/git/OA_Setting_Assistance/app/build/intermediates/res/merged/debug/drawable_wifi_pre_setting_2.png.flat",
        "source": "/Users/hir-hata/Desktop/git/OA_Setting_Assistance/app/src/main/res/drawable/wifi_pre_setting_2.png"
    },
    {
        "merged": "/Users/hir-hata/Desktop/git/OA_Setting_Assistance/app/build/intermediates/res/merged/debug/drawable_anyconnect_setup_2_5.png.flat",
        "source": "/Users/hir-hata/Desktop/git/OA_Setting_Assistance/app/src/main/res/drawable/anyconnect_setup_2_5.png"
    },
    {
        "merged": "/Users/hir-hata/Desktop/git/OA_Setting_Assistance/app/build/intermediates/res/merged/debug/drawable_smile_app_install_1.png.flat",
        "source": "/Users/hir-hata/Desktop/git/OA_Setting_Assistance/app/src/main/res/drawable/smile_app_install_1.png"
    },
    {
        "merged": "/Users/hir-hata/Desktop/git/OA_Setting_Assistance/app/build/intermediates/res/merged/debug/mipmap-mdpi_ic_launcher_foreground.png.flat",
        "source": "/Users/hir-hata/Desktop/git/OA_Setting_Assistance/app/src/main/res/mipmap-mdpi/ic_launcher_foreground.png"
    },
    {
        "merged": "/Users/hir-hata/Desktop/git/OA_Setting_Assistance/app/build/intermediates/res/merged/debug/drawable_check.png.flat",
        "source": "/Users/hir-hata/Desktop/git/OA_Setting_Assistance/app/src/main/res/drawable/check.png"
    },
    {
        "merged": "/Users/hir-hata/Desktop/git/OA_Setting_Assistance/app/build/intermediates/res/merged/debug/drawable_copy_icon.png.flat",
        "source": "/Users/hir-hata/Desktop/git/OA_Setting_Assistance/app/src/main/res/drawable/copy_icon.png"
    },
    {
        "merged": "/Users/hir-hata/Desktop/git/OA_Setting_Assistance/app/build/intermediates/res/merged/debug/drawable_tutorial_3.png.flat",
        "source": "/Users/hir-hata/Desktop/git/OA_Setting_Assistance/app/src/main/res/drawable/tutorial_3.png"
    },
    {
        "merged": "/Users/hir-hata/Desktop/git/OA_Setting_Assistance/app/build/intermediates/res/merged/debug/drawable_phone_menu.png.flat",
        "source": "/Users/hir-hata/Desktop/git/OA_Setting_Assistance/app/src/main/res/drawable/phone_menu.png"
    },
    {
        "merged": "/Users/hir-hata/Desktop/git/OA_Setting_Assistance/app/build/intermediates/res/merged/debug/layout_activity_tab_swipe_base.xml.flat",
        "source": "/Users/hir-hata/Desktop/git/OA_Setting_Assistance/app/src/main/res/layout/activity_tab_swipe_base.xml"
    },
    {
        "merged": "/Users/hir-hata/Desktop/git/OA_Setting_Assistance/app/build/intermediates/res/merged/debug/drawable_number_sans_gray_0.png.flat",
        "source": "/Users/hir-hata/Desktop/git/OA_Setting_Assistance/app/src/main/res/drawable/number_sans_gray_0.png"
    },
    {
        "merged": "/Users/hir-hata/Desktop/git/OA_Setting_Assistance/app/build/intermediates/res/merged/debug/drawable_deviceid_setup_7.png.flat",
        "source": "/Users/hir-hata/Desktop/git/OA_Setting_Assistance/app/src/main/res/drawable/deviceid_setup_7.png"
    },
    {
        "merged": "/Users/hir-hata/Desktop/git/OA_Setting_Assistance/app/build/intermediates/res/merged/debug/drawable_dp_setting_3.png.flat",
        "source": "/Users/hir-hata/Desktop/git/OA_Setting_Assistance/app/src/main/res/drawable/dp_setting_3.png"
    },
    {
        "merged": "/Users/hir-hata/Desktop/git/OA_Setting_Assistance/app/build/intermediates/res/merged/debug/drawable_power_gold_gray.png.flat",
        "source": "/Users/hir-hata/Desktop/git/OA_Setting_Assistance/app/src/main/res/drawable/power_gold_gray.png"
    },
    {
        "merged": "/Users/hir-hata/Desktop/git/OA_Setting_Assistance/app/build/intermediates/res/merged/debug/drawable_number_sans_green_5.png.flat",
        "source": "/Users/hir-hata/Desktop/git/OA_Setting_Assistance/app/src/main/res/drawable/number_sans_green_5.png"
    },
    {
        "merged": "/Users/hir-hata/Desktop/git/OA_Setting_Assistance/app/build/intermediates/res/merged/debug/mipmap-xhdpi_ic_launcher.png.flat",
        "source": "/Users/hir-hata/Desktop/git/OA_Setting_Assistance/app/src/main/res/mipmap-xhdpi/ic_launcher.png"
    },
    {
        "merged": "/Users/hir-hata/Desktop/git/OA_Setting_Assistance/app/build/intermediates/res/merged/debug/drawable_smile_app_install_5.png.flat",
        "source": "/Users/hir-hata/Desktop/git/OA_Setting_Assistance/app/src/main/res/drawable/smile_app_install_5.png"
    },
    {
        "merged": "/Users/hir-hata/Desktop/git/OA_Setting_Assistance/app/build/intermediates/res/merged/debug/drawable_anyconnect_setup_2_6.png.flat",
        "source": "/Users/hir-hata/Desktop/git/OA_Setting_Assistance/app/src/main/res/drawable/anyconnect_setup_2_6.png"
    },
    {
        "merged": "/Users/hir-hata/Desktop/git/OA_Setting_Assistance/app/build/intermediates/res/merged/debug/drawable_anyconnect_setup_2_7.png.flat",
        "source": "/Users/hir-hata/Desktop/git/OA_Setting_Assistance/app/src/main/res/drawable/anyconnect_setup_2_7.png"
    },
    {
        "merged": "/Users/hir-hata/Desktop/git/OA_Setting_Assistance/app/build/intermediates/res/merged/debug/drawable_tutorial_2.png.flat",
        "source": "/Users/hir-hata/Desktop/git/OA_Setting_Assistance/app/src/main/res/drawable/tutorial_2.png"
    },
    {
        "merged": "/Users/hir-hata/Desktop/git/OA_Setting_Assistance/app/build/intermediates/res/merged/debug/drawable_number_sans_gray_6.png.flat",
        "source": "/Users/hir-hata/Desktop/git/OA_Setting_Assistance/app/src/main/res/drawable/number_sans_gray_6.png"
    },
    {
        "merged": "/Users/hir-hata/Desktop/git/OA_Setting_Assistance/app/build/intermediates/res/merged/debug/drawable_text_view_layout.xml.flat",
        "source": "/Users/hir-hata/Desktop/git/OA_Setting_Assistance/app/src/main/res/drawable/text_view_layout.xml"
    },
    {
        "merged": "/Users/hir-hata/Desktop/git/OA_Setting_Assistance/app/build/intermediates/res/merged/debug/drawable_wifi_setting_5.png.flat",
        "source": "/Users/hir-hata/Desktop/git/OA_Setting_Assistance/app/src/main/res/drawable/wifi_setting_5.png"
    },
    {
        "merged": "/Users/hir-hata/Desktop/git/OA_Setting_Assistance/app/build/intermediates/res/merged/debug/drawable_deviceid_setup_1.png.flat",
        "source": "/Users/hir-hata/Desktop/git/OA_Setting_Assistance/app/src/main/res/drawable/deviceid_setup_1.png"
    },
    {
        "merged": "/Users/hir-hata/Desktop/git/OA_Setting_Assistance/app/build/intermediates/res/merged/debug/drawable_number_sans_green_4.png.flat",
        "source": "/Users/hir-hata/Desktop/git/OA_Setting_Assistance/app/src/main/res/drawable/number_sans_green_4.png"
    },
    {
        "merged": "/Users/hir-hata/Desktop/git/OA_Setting_Assistance/app/build/intermediates/res/merged/debug/mipmap-hdpi_ic_launcher_foreground.png.flat",
        "source": "/Users/hir-hata/Desktop/git/OA_Setting_Assistance/app/src/main/res/mipmap-hdpi/ic_launcher_foreground.png"
    },
    {
        "merged": "/Users/hir-hata/Desktop/git/OA_Setting_Assistance/app/build/intermediates/res/merged/debug/drawable_mms_icon.png.flat",
        "source": "/Users/hir-hata/Desktop/git/OA_Setting_Assistance/app/src/main/res/drawable/mms_icon.png"
    },
    {
        "merged": "/Users/hir-hata/Desktop/git/OA_Setting_Assistance/app/build/intermediates/res/merged/debug/drawable_smile_app_install_6.png.flat",
        "source": "/Users/hir-hata/Desktop/git/OA_Setting_Assistance/app/src/main/res/drawable/smile_app_install_6.png"
    },
    {
        "merged": "/Users/hir-hata/Desktop/git/OA_Setting_Assistance/app/build/intermediates/res/merged/debug/drawable_number_sans_green_per.png.flat",
        "source": "/Users/hir-hata/Desktop/git/OA_Setting_Assistance/app/src/main/res/drawable/number_sans_green_per.png"
    },
    {
        "merged": "/Users/hir-hata/Desktop/git/OA_Setting_Assistance/app/build/intermediates/res/merged/debug/mipmap-mdpi_ic_launcher.png.flat",
        "source": "/Users/hir-hata/Desktop/git/OA_Setting_Assistance/app/src/main/res/mipmap-mdpi/ic_launcher.png"
    },
    {
        "merged": "/Users/hir-hata/Desktop/git/OA_Setting_Assistance/app/build/intermediates/res/merged/debug/drawable_tutorial_1.png.flat",
        "source": "/Users/hir-hata/Desktop/git/OA_Setting_Assistance/app/src/main/res/drawable/tutorial_1.png"
    },
    {
        "merged": "/Users/hir-hata/Desktop/git/OA_Setting_Assistance/app/build/intermediates/res/merged/debug/drawable_appicon.PNG.flat",
        "source": "/Users/hir-hata/Desktop/git/OA_Setting_Assistance/app/src/main/res/drawable/appicon.PNG"
    },
    {
        "merged": "/Users/hir-hata/Desktop/git/OA_Setting_Assistance/app/build/intermediates/res/merged/debug/drawable_googleplay_myapp.png.flat",
        "source": "/Users/hir-hata/Desktop/git/OA_Setting_Assistance/app/src/main/res/drawable/googleplay_myapp.png"
    },
    {
        "merged": "/Users/hir-hata/Desktop/git/OA_Setting_Assistance/app/build/intermediates/res/merged/debug/drawable_number_sans_gray_1.png.flat",
        "source": "/Users/hir-hata/Desktop/git/OA_Setting_Assistance/app/src/main/res/drawable/number_sans_gray_1.png"
    },
    {
        "merged": "/Users/hir-hata/Desktop/git/OA_Setting_Assistance/app/build/intermediates/res/merged/debug/drawable_button_layout.xml.flat",
        "source": "/Users/hir-hata/Desktop/git/OA_Setting_Assistance/app/src/main/res/drawable/button_layout.xml"
    },
    {
        "merged": "/Users/hir-hata/Desktop/git/OA_Setting_Assistance/app/build/intermediates/res/merged/debug/drawable_anyconnect_setup_2_1.png.flat",
        "source": "/Users/hir-hata/Desktop/git/OA_Setting_Assistance/app/src/main/res/drawable/anyconnect_setup_2_1.png"
    },
    {
        "merged": "/Users/hir-hata/Desktop/git/OA_Setting_Assistance/app/build/intermediates/res/merged/debug/drawable_add_google_account_2.png.flat",
        "source": "/Users/hir-hata/Desktop/git/OA_Setting_Assistance/app/src/main/res/drawable/add_google_account_2.png"
    },
    {
        "merged": "/Users/hir-hata/Desktop/git/OA_Setting_Assistance/app/build/intermediates/res/merged/debug/drawable_bcdm_install.png.flat",
        "source": "/Users/hir-hata/Desktop/git/OA_Setting_Assistance/app/src/main/res/drawable/bcdm_install.png"
    },
    {
        "merged": "/Users/hir-hata/Desktop/git/OA_Setting_Assistance/app/build/intermediates/res/merged/debug/drawable_listitem_layout.xml.flat",
        "source": "/Users/hir-hata/Desktop/git/OA_Setting_Assistance/app/src/main/res/drawable/listitem_layout.xml"
    },
    {
        "merged": "/Users/hir-hata/Desktop/git/OA_Setting_Assistance/app/build/intermediates/res/merged/debug/layout_fragment_header_template.xml.flat",
        "source": "/Users/hir-hata/Desktop/git/OA_Setting_Assistance/app/src/main/res/layout/fragment_header_template.xml"
    },
    {
        "merged": "/Users/hir-hata/Desktop/git/OA_Setting_Assistance/app/build/intermediates/res/merged/debug/drawable_phone_lime_gray.png.flat",
        "source": "/Users/hir-hata/Desktop/git/OA_Setting_Assistance/app/src/main/res/drawable/phone_lime_gray.png"
    },
    {
        "merged": "/Users/hir-hata/Desktop/git/OA_Setting_Assistance/app/build/intermediates/res/merged/debug/anim_in_left.xml.flat",
        "source": "/Users/hir-hata/Desktop/git/OA_Setting_Assistance/app/src/main/res/anim/in_left.xml"
    },
    {
        "merged": "/Users/hir-hata/Desktop/git/OA_Setting_Assistance/app/build/intermediates/res/merged/debug/drawable_emc_call_setup_1.png.flat",
        "source": "/Users/hir-hata/Desktop/git/OA_Setting_Assistance/app/src/main/res/drawable/emc_call_setup_1.png"
    },
    {
        "merged": "/Users/hir-hata/Desktop/git/OA_Setting_Assistance/app/build/intermediates/res/merged/debug/drawable_phone_icon.png.flat",
        "source": "/Users/hir-hata/Desktop/git/OA_Setting_Assistance/app/src/main/res/drawable/phone_icon.png"
    },
    {
        "merged": "/Users/hir-hata/Desktop/git/OA_Setting_Assistance/app/build/intermediates/res/merged/debug/drawable_anyconnect_setup_2_10.png.flat",
        "source": "/Users/hir-hata/Desktop/git/OA_Setting_Assistance/app/src/main/res/drawable/anyconnect_setup_2_10.png"
    },
    {
        "merged": "/Users/hir-hata/Desktop/git/OA_Setting_Assistance/app/build/intermediates/res/merged/debug/drawable_progress_bar_layout.xml.flat",
        "source": "/Users/hir-hata/Desktop/git/OA_Setting_Assistance/app/src/main/res/drawable/progress_bar_layout.xml"
    },
    {
        "merged": "/Users/hir-hata/Desktop/git/OA_Setting_Assistance/app/build/intermediates/res/merged/debug/drawable_deviceid_setup_6.png.flat",
        "source": "/Users/hir-hata/Desktop/git/OA_Setting_Assistance/app/src/main/res/drawable/deviceid_setup_6.png"
    },
    {
        "merged": "/Users/hir-hata/Desktop/git/OA_Setting_Assistance/app/build/intermediates/res/merged/debug/drawable_bcdm_setup_5.png.flat",
        "source": "/Users/hir-hata/Desktop/git/OA_Setting_Assistance/app/src/main/res/drawable/bcdm_setup_5.png"
    },
    {
        "merged": "/Users/hir-hata/Desktop/git/OA_Setting_Assistance/app/build/intermediates/res/merged/debug/drawable_arrow_up.png.flat",
        "source": "/Users/hir-hata/Desktop/git/OA_Setting_Assistance/app/src/main/res/drawable/arrow_up.png"
    },
    {
        "merged": "/Users/hir-hata/Desktop/git/OA_Setting_Assistance/app/build/intermediates/res/merged/debug/drawable_bcdm_confirm.png.flat",
        "source": "/Users/hir-hata/Desktop/git/OA_Setting_Assistance/app/src/main/res/drawable/bcdm_confirm.png"
    },
    {
        "merged": "/Users/hir-hata/Desktop/git/OA_Setting_Assistance/app/build/intermediates/res/merged/debug/drawable_dp_setting_4.png.flat",
        "source": "/Users/hir-hata/Desktop/git/OA_Setting_Assistance/app/src/main/res/drawable/dp_setting_4.png"
    },
    {
        "merged": "/Users/hir-hata/Desktop/git/OA_Setting_Assistance/app/build/intermediates/res/merged/debug/mipmap-xxxhdpi_ic_launcher.png.flat",
        "source": "/Users/hir-hata/Desktop/git/OA_Setting_Assistance/app/src/main/res/mipmap-xxxhdpi/ic_launcher.png"
    },
    {
        "merged": "/Users/hir-hata/Desktop/git/OA_Setting_Assistance/app/build/intermediates/res/merged/debug/drawable_app_open_icon.png.flat",
        "source": "/Users/hir-hata/Desktop/git/OA_Setting_Assistance/app/src/main/res/drawable/app_open_icon.png"
    },
    {
        "merged": "/Users/hir-hata/Desktop/git/OA_Setting_Assistance/app/build/intermediates/res/merged/debug/drawable_android.png.flat",
        "source": "/Users/hir-hata/Desktop/git/OA_Setting_Assistance/app/src/main/res/drawable/android.png"
    },
    {
        "merged": "/Users/hir-hata/Desktop/git/OA_Setting_Assistance/app/build/intermediates/res/merged/debug/drawable_set_device_policy_4.png.flat",
        "source": "/Users/hir-hata/Desktop/git/OA_Setting_Assistance/app/src/main/res/drawable/set_device_policy_4.png"
    },
    {
        "merged": "/Users/hir-hata/Desktop/git/OA_Setting_Assistance/app/build/intermediates/res/merged/debug/drawable_delete_google_account_5.png.flat",
        "source": "/Users/hir-hata/Desktop/git/OA_Setting_Assistance/app/src/main/res/drawable/delete_google_account_5.png"
    },
    {
        "merged": "/Users/hir-hata/Desktop/git/OA_Setting_Assistance/app/build/intermediates/res/merged/debug/drawable_number_sans_gray_7.png.flat",
        "source": "/Users/hir-hata/Desktop/git/OA_Setting_Assistance/app/src/main/res/drawable/number_sans_gray_7.png"
    },
    {
        "merged": "/Users/hir-hata/Desktop/git/OA_Setting_Assistance/app/build/intermediates/res/merged/debug/layout_custom_dialog2.xml.flat",
        "source": "/Users/hir-hata/Desktop/git/OA_Setting_Assistance/app/src/main/res/layout/custom_dialog2.xml"
    },
    {
        "merged": "/Users/hir-hata/Desktop/git/OA_Setting_Assistance/app/build/intermediates/res/merged/debug/layout_fragment_swipe_template.xml.flat",
        "source": "/Users/hir-hata/Desktop/git/OA_Setting_Assistance/app/src/main/res/layout/fragment_swipe_template.xml"
    },
    {
        "merged": "/Users/hir-hata/Desktop/git/OA_Setting_Assistance/app/build/intermediates/res/merged/debug/drawable_number_sans_green_8.png.flat",
        "source": "/Users/hir-hata/Desktop/git/OA_Setting_Assistance/app/src/main/res/drawable/number_sans_green_8.png"
    },
    {
        "merged": "/Users/hir-hata/Desktop/git/OA_Setting_Assistance/app/build/intermediates/res/merged/debug/drawable_dp_setting_7.png.flat",
        "source": "/Users/hir-hata/Desktop/git/OA_Setting_Assistance/app/src/main/res/drawable/dp_setting_7.png"
    },
    {
        "merged": "/Users/hir-hata/Desktop/git/OA_Setting_Assistance/app/build/intermediates/res/merged/debug/drawable_my_google_play_1.png.flat",
        "source": "/Users/hir-hata/Desktop/git/OA_Setting_Assistance/app/src/main/res/drawable/my_google_play_1.png"
    },
    {
        "merged": "/Users/hir-hata/Desktop/git/OA_Setting_Assistance/app/build/intermediates/res/merged/debug/drawable_delete_google_account_2.png.flat",
        "source": "/Users/hir-hata/Desktop/git/OA_Setting_Assistance/app/src/main/res/drawable/delete_google_account_2.png"
    },
    {
        "merged": "/Users/hir-hata/Desktop/git/OA_Setting_Assistance/app/build/intermediates/res/merged/debug/drawable_tap_image.png.flat",
        "source": "/Users/hir-hata/Desktop/git/OA_Setting_Assistance/app/src/main/res/drawable/tap_image.png"
    },
    {
        "merged": "/Users/hir-hata/Desktop/git/OA_Setting_Assistance/app/build/intermediates/res/merged/debug/drawable_number_sans_gray_3.png.flat",
        "source": "/Users/hir-hata/Desktop/git/OA_Setting_Assistance/app/src/main/res/drawable/number_sans_gray_3.png"
    },
    {
        "merged": "/Users/hir-hata/Desktop/git/OA_Setting_Assistance/app/build/intermediates/res/merged/debug/drawable_set_device_policy_3.png.flat",
        "source": "/Users/hir-hata/Desktop/git/OA_Setting_Assistance/app/src/main/res/drawable/set_device_policy_3.png"
    },
    {
        "merged": "/Users/hir-hata/Desktop/git/OA_Setting_Assistance/app/build/intermediates/res/merged/debug/drawable_tutorial_sample_image_2.png.flat",
        "source": "/Users/hir-hata/Desktop/git/OA_Setting_Assistance/app/src/main/res/drawable/tutorial_sample_image_2.png"
    },
    {
        "merged": "/Users/hir-hata/Desktop/git/OA_Setting_Assistance/app/build/intermediates/res/merged/debug/drawable_dialog_body_layout.xml.flat",
        "source": "/Users/hir-hata/Desktop/git/OA_Setting_Assistance/app/src/main/res/drawable/dialog_body_layout.xml"
    },
    {
        "merged": "/Users/hir-hata/Desktop/git/OA_Setting_Assistance/app/build/intermediates/res/merged/debug/drawable_cocoa_install.png.flat",
        "source": "/Users/hir-hata/Desktop/git/OA_Setting_Assistance/app/src/main/res/drawable/cocoa_install.png"
    },
    {
        "merged": "/Users/hir-hata/Desktop/git/OA_Setting_Assistance/app/build/intermediates/res/merged/debug/mipmap-xxhdpi_ic_launcher.png.flat",
        "source": "/Users/hir-hata/Desktop/git/OA_Setting_Assistance/app/src/main/res/mipmap-xxhdpi/ic_launcher.png"
    },
    {
        "merged": "/Users/hir-hata/Desktop/git/OA_Setting_Assistance/app/build/intermediates/res/merged/debug/drawable_delete_google_account_3.png.flat",
        "source": "/Users/hir-hata/Desktop/git/OA_Setting_Assistance/app/src/main/res/drawable/delete_google_account_3.png"
    },
    {
        "merged": "/Users/hir-hata/Desktop/git/OA_Setting_Assistance/app/build/intermediates/res/merged/debug/drawable_title_icon.xml.flat",
        "source": "/Users/hir-hata/Desktop/git/OA_Setting_Assistance/app/src/main/res/drawable/title_icon.xml"
    },
    {
        "merged": "/Users/hir-hata/Desktop/git/OA_Setting_Assistance/app/build/intermediates/res/merged/debug/drawable_show_3buttons.png.flat",
        "source": "/Users/hir-hata/Desktop/git/OA_Setting_Assistance/app/src/main/res/drawable/show_3buttons.png"
    },
    {
        "merged": "/Users/hir-hata/Desktop/git/OA_Setting_Assistance/app/build/intermediates/res/merged/debug/drawable_tutorial_sample_image_3.png.flat",
        "source": "/Users/hir-hata/Desktop/git/OA_Setting_Assistance/app/src/main/res/drawable/tutorial_sample_image_3.png"
    },
    {
        "merged": "/Users/hir-hata/Desktop/git/OA_Setting_Assistance/app/build/intermediates/res/merged/debug/drawable_set_device_policy_2.png.flat",
        "source": "/Users/hir-hata/Desktop/git/OA_Setting_Assistance/app/src/main/res/drawable/set_device_policy_2.png"
    },
    {
        "merged": "/Users/hir-hata/Desktop/git/OA_Setting_Assistance/app/build/intermediates/res/merged/debug/drawable_my_google_play_2.png.flat",
        "source": "/Users/hir-hata/Desktop/git/OA_Setting_Assistance/app/src/main/res/drawable/my_google_play_2.png"
    },
    {
        "merged": "/Users/hir-hata/Desktop/git/OA_Setting_Assistance/app/build/intermediates/res/merged/debug/drawable_nav_parts_layout.xml.flat",
        "source": "/Users/hir-hata/Desktop/git/OA_Setting_Assistance/app/src/main/res/drawable/nav_parts_layout.xml"
    },
    {
        "merged": "/Users/hir-hata/Desktop/git/OA_Setting_Assistance/app/build/intermediates/res/merged/debug/drawable_number_sans_gray_2.png.flat",
        "source": "/Users/hir-hata/Desktop/git/OA_Setting_Assistance/app/src/main/res/drawable/number_sans_gray_2.png"
    },
    {
        "merged": "/Users/hir-hata/Desktop/git/OA_Setting_Assistance/app/build/intermediates/res/merged/debug/drawable_google_play_badge.png.flat",
        "source": "/Users/hir-hata/Desktop/git/OA_Setting_Assistance/app/src/main/res/drawable/google_play_badge.png"
    },
    {
        "merged": "/Users/hir-hata/Desktop/git/OA_Setting_Assistance/app/build/intermediates/res/merged/debug/drawable_deviceid_install.png.flat",
        "source": "/Users/hir-hata/Desktop/git/OA_Setting_Assistance/app/src/main/res/drawable/deviceid_install.png"
    },
    {
        "merged": "/Users/hir-hata/Desktop/git/OA_Setting_Assistance/app/build/intermediates/res/merged/debug/mipmap-hdpi_ic_launcher_round.png.flat",
        "source": "/Users/hir-hata/Desktop/git/OA_Setting_Assistance/app/src/main/res/mipmap-hdpi/ic_launcher_round.png"
    },
    {
        "merged": "/Users/hir-hata/Desktop/git/OA_Setting_Assistance/app/build/intermediates/res/merged/debug/drawable_number_sans_gray_per.png.flat",
        "source": "/Users/hir-hata/Desktop/git/OA_Setting_Assistance/app/src/main/res/drawable/number_sans_gray_per.png"
    },
    {
        "merged": "/Users/hir-hata/Desktop/git/OA_Setting_Assistance/app/build/intermediates/res/merged/debug/mipmap-xxxhdpi_ic_launcher_foreground.png.flat",
        "source": "/Users/hir-hata/Desktop/git/OA_Setting_Assistance/app/src/main/res/mipmap-xxxhdpi/ic_launcher_foreground.png"
    },
    {
        "merged": "/Users/hir-hata/Desktop/git/OA_Setting_Assistance/app/build/intermediates/res/merged/debug/drawable_delete_google_account_4.png.flat",
        "source": "/Users/hir-hata/Desktop/git/OA_Setting_Assistance/app/src/main/res/drawable/delete_google_account_4.png"
    },
    {
        "merged": "/Users/hir-hata/Desktop/git/OA_Setting_Assistance/app/build/intermediates/res/merged/debug/drawable_anyconnect_setup_2_8.png.flat",
        "source": "/Users/hir-hata/Desktop/git/OA_Setting_Assistance/app/src/main/res/drawable/anyconnect_setup_2_8.png"
    },
    {
        "merged": "/Users/hir-hata/Desktop/git/OA_Setting_Assistance/app/build/intermediates/res/merged/debug/drawable_dp_setting_5.png.flat",
        "source": "/Users/hir-hata/Desktop/git/OA_Setting_Assistance/app/src/main/res/drawable/dp_setting_5.png"
    },
    {
        "merged": "/Users/hir-hata/Desktop/git/OA_Setting_Assistance/app/build/intermediates/res/merged/debug/drawable_skip_button.png.flat",
        "source": "/Users/hir-hata/Desktop/git/OA_Setting_Assistance/app/src/main/res/drawable/skip_button.png"
    },
    {
        "merged": "/Users/hir-hata/Desktop/git/OA_Setting_Assistance/app/build/intermediates/res/merged/debug/drawable_number_sans_gray_5.png.flat",
        "source": "/Users/hir-hata/Desktop/git/OA_Setting_Assistance/app/src/main/res/drawable/number_sans_gray_5.png"
    },
    {
        "merged": "/Users/hir-hata/Desktop/git/OA_Setting_Assistance/app/build/intermediates/res/merged/debug/drawable_number_sans_white_9.png.flat",
        "source": "/Users/hir-hata/Desktop/git/OA_Setting_Assistance/app/src/main/res/drawable/number_sans_white_9.png"
    },
    {
        "merged": "/Users/hir-hata/Desktop/git/OA_Setting_Assistance/app/build/intermediates/res/merged/debug/drawable_beginner.png.flat",
        "source": "/Users/hir-hata/Desktop/git/OA_Setting_Assistance/app/src/main/res/drawable/beginner.png"
    },
    {
        "merged": "/Users/hir-hata/Desktop/git/OA_Setting_Assistance/app/build/intermediates/res/merged/debug/drawable_setting_icon.png.flat",
        "source": "/Users/hir-hata/Desktop/git/OA_Setting_Assistance/app/src/main/res/drawable/setting_icon.png"
    },
    {
        "merged": "/Users/hir-hata/Desktop/git/OA_Setting_Assistance/app/build/intermediates/res/merged/debug/layout_custom_dialog3.xml.flat",
        "source": "/Users/hir-hata/Desktop/git/OA_Setting_Assistance/app/src/main/res/layout/custom_dialog3.xml"
    },
    {
        "merged": "/Users/hir-hata/Desktop/git/OA_Setting_Assistance/app/build/intermediates/res/merged/debug/drawable_smile_app_install_7.png.flat",
        "source": "/Users/hir-hata/Desktop/git/OA_Setting_Assistance/app/src/main/res/drawable/smile_app_install_7.png"
    },
    {
        "merged": "/Users/hir-hata/Desktop/git/OA_Setting_Assistance/app/build/intermediates/res/merged/debug/drawable_emc_call_install.png.flat",
        "source": "/Users/hir-hata/Desktop/git/OA_Setting_Assistance/app/src/main/res/drawable/emc_call_install.png"
    },
    {
        "merged": "/Users/hir-hata/Desktop/git/OA_Setting_Assistance/app/build/intermediates/res/merged/debug/drawable_dp_setting_6.png.flat",
        "source": "/Users/hir-hata/Desktop/git/OA_Setting_Assistance/app/src/main/res/drawable/dp_setting_6.png"
    },
    {
        "merged": "/Users/hir-hata/Desktop/git/OA_Setting_Assistance/app/build/intermediates/res/merged/debug/drawable_tutorial_0.png.flat",
        "source": "/Users/hir-hata/Desktop/git/OA_Setting_Assistance/app/src/main/res/drawable/tutorial_0.png"
    },
    {
        "merged": "/Users/hir-hata/Desktop/git/OA_Setting_Assistance/app/build/intermediates/res/merged/debug/drawable_delete_google_account_1.png.flat",
        "source": "/Users/hir-hata/Desktop/git/OA_Setting_Assistance/app/src/main/res/drawable/delete_google_account_1.png"
    },
    {
        "merged": "/Users/hir-hata/Desktop/git/OA_Setting_Assistance/app/build/intermediates/res/merged/debug/drawable_number_sans_green_9.png.flat",
        "source": "/Users/hir-hata/Desktop/git/OA_Setting_Assistance/app/src/main/res/drawable/number_sans_green_9.png"
    },
    {
        "merged": "/Users/hir-hata/Desktop/git/OA_Setting_Assistance/app/build/intermediates/res/merged/debug/drawable_zoom_install.png.flat",
        "source": "/Users/hir-hata/Desktop/git/OA_Setting_Assistance/app/src/main/res/drawable/zoom_install.png"
    },
    {
        "merged": "/Users/hir-hata/Desktop/git/OA_Setting_Assistance/app/build/intermediates/res/merged/debug/drawable_func_button_layout.xml.flat",
        "source": "/Users/hir-hata/Desktop/git/OA_Setting_Assistance/app/src/main/res/drawable/func_button_layout.xml"
    },
    {
        "merged": "/Users/hir-hata/Desktop/git/OA_Setting_Assistance/app/build/intermediates/res/merged/debug/drawable_home.png.flat",
        "source": "/Users/hir-hata/Desktop/git/OA_Setting_Assistance/app/src/main/res/drawable/home.png"
    },
    {
        "merged": "/Users/hir-hata/Desktop/git/OA_Setting_Assistance/app/build/intermediates/res/merged/debug/drawable_number_sans_white_0.png.flat",
        "source": "/Users/hir-hata/Desktop/git/OA_Setting_Assistance/app/src/main/res/drawable/number_sans_white_0.png"
    },
    {
        "merged": "/Users/hir-hata/Desktop/git/OA_Setting_Assistance/app/build/intermediates/res/merged/debug/drawable_number_sans_green_6.png.flat",
        "source": "/Users/hir-hata/Desktop/git/OA_Setting_Assistance/app/src/main/res/drawable/number_sans_green_6.png"
    },
    {
        "merged": "/Users/hir-hata/Desktop/git/OA_Setting_Assistance/app/build/intermediates/res/merged/debug/drawable_tutorial_sample_image_1.png.flat",
        "source": "/Users/hir-hata/Desktop/git/OA_Setting_Assistance/app/src/main/res/drawable/tutorial_sample_image_1.png"
    },
    {
        "merged": "/Users/hir-hata/Desktop/git/OA_Setting_Assistance/app/build/intermediates/res/merged/debug/drawable_bar_layout.xml.flat",
        "source": "/Users/hir-hata/Desktop/git/OA_Setting_Assistance/app/src/main/res/drawable/bar_layout.xml"
    },
    {
        "merged": "/Users/hir-hata/Desktop/git/OA_Setting_Assistance/app/build/intermediates/res/merged/debug/anim_in_right.xml.flat",
        "source": "/Users/hir-hata/Desktop/git/OA_Setting_Assistance/app/src/main/res/anim/in_right.xml"
    },
    {
        "merged": "/Users/hir-hata/Desktop/git/OA_Setting_Assistance/app/build/intermediates/res/merged/debug/drawable_wifi_setting_4.png.flat",
        "source": "/Users/hir-hata/Desktop/git/OA_Setting_Assistance/app/src/main/res/drawable/wifi_setting_4.png"
    },
    {
        "merged": "/Users/hir-hata/Desktop/git/OA_Setting_Assistance/app/build/intermediates/res/merged/debug/drawable_tab_back_layout.xml.flat",
        "source": "/Users/hir-hata/Desktop/git/OA_Setting_Assistance/app/src/main/res/drawable/tab_back_layout.xml"
    },
    {
        "merged": "/Users/hir-hata/Desktop/git/OA_Setting_Assistance/app/build/intermediates/res/merged/debug/drawable_os_update_2.png.flat",
        "source": "/Users/hir-hata/Desktop/git/OA_Setting_Assistance/app/src/main/res/drawable/os_update_2.png"
    },
    {
        "merged": "/Users/hir-hata/Desktop/git/OA_Setting_Assistance/app/build/intermediates/res/merged/debug/mipmap-anydpi-v26_ic_launcher.xml.flat",
        "source": "/Users/hir-hata/Desktop/git/OA_Setting_Assistance/app/src/main/res/mipmap-anydpi-v26/ic_launcher.xml"
    },
    {
        "merged": "/Users/hir-hata/Desktop/git/OA_Setting_Assistance/app/build/intermediates/res/merged/debug/mipmap-xxhdpi_ic_launcher_foreground.png.flat",
        "source": "/Users/hir-hata/Desktop/git/OA_Setting_Assistance/app/src/main/res/mipmap-xxhdpi/ic_launcher_foreground.png"
    },
    {
        "merged": "/Users/hir-hata/Desktop/git/OA_Setting_Assistance/app/build/intermediates/res/merged/debug/drawable_bcdm_setup_8.png.flat",
        "source": "/Users/hir-hata/Desktop/git/OA_Setting_Assistance/app/src/main/res/drawable/bcdm_setup_8.png"
    },
    {
        "merged": "/Users/hir-hata/Desktop/git/OA_Setting_Assistance/app/build/intermediates/res/merged/debug/drawable_bcdm_setup_1.png.flat",
        "source": "/Users/hir-hata/Desktop/git/OA_Setting_Assistance/app/src/main/res/drawable/bcdm_setup_1.png"
    },
    {
        "merged": "/Users/hir-hata/Desktop/git/OA_Setting_Assistance/app/build/intermediates/res/merged/debug/drawable_wifi_spot_install.png.flat",
        "source": "/Users/hir-hata/Desktop/git/OA_Setting_Assistance/app/src/main/res/drawable/wifi_spot_install.png"
    },
    {
        "merged": "/Users/hir-hata/Desktop/git/OA_Setting_Assistance/app/build/intermediates/res/merged/debug/drawable_add_sb_account_1.png.flat",
        "source": "/Users/hir-hata/Desktop/git/OA_Setting_Assistance/app/src/main/res/drawable/add_sb_account_1.png"
    },
    {
        "merged": "/Users/hir-hata/Desktop/git/OA_Setting_Assistance/app/build/intermediates/res/merged/debug/drawable_wifi_pre_setting_1.png.flat",
        "source": "/Users/hir-hata/Desktop/git/OA_Setting_Assistance/app/src/main/res/drawable/wifi_pre_setting_1.png"
    },
    {
        "merged": "/Users/hir-hata/Desktop/git/OA_Setting_Assistance/app/build/intermediates/res/merged/debug/drawable_add_google_account_6.png.flat",
        "source": "/Users/hir-hata/Desktop/git/OA_Setting_Assistance/app/src/main/res/drawable/add_google_account_6.png"
    },
    {
        "merged": "/Users/hir-hata/Desktop/git/OA_Setting_Assistance/app/build/intermediates/res/merged/debug/drawable_number_sans_white_1.png.flat",
        "source": "/Users/hir-hata/Desktop/git/OA_Setting_Assistance/app/src/main/res/drawable/number_sans_white_1.png"
    },
    {
        "merged": "/Users/hir-hata/Desktop/git/OA_Setting_Assistance/app/build/intermediates/res/merged/debug/layout_toolbar_layout.xml.flat",
        "source": "/Users/hir-hata/Desktop/git/OA_Setting_Assistance/app/src/main/res/layout/toolbar_layout.xml"
    },
    {
        "merged": "/Users/hir-hata/Desktop/git/OA_Setting_Assistance/app/build/intermediates/res/merged/debug/layout_activity_top.xml.flat",
        "source": "/Users/hir-hata/Desktop/git/OA_Setting_Assistance/app/src/main/res/layout/activity_top.xml"
    },
    {
        "merged": "/Users/hir-hata/Desktop/git/OA_Setting_Assistance/app/build/intermediates/res/merged/debug/drawable_deviceid_setup_8.png.flat",
        "source": "/Users/hir-hata/Desktop/git/OA_Setting_Assistance/app/src/main/res/drawable/deviceid_setup_8.png"
    },
    {
        "merged": "/Users/hir-hata/Desktop/git/OA_Setting_Assistance/app/build/intermediates/res/merged/debug/drawable_number_sans_white_8.png.flat",
        "source": "/Users/hir-hata/Desktop/git/OA_Setting_Assistance/app/src/main/res/drawable/number_sans_white_8.png"
    },
    {
        "merged": "/Users/hir-hata/Desktop/git/OA_Setting_Assistance/app/build/intermediates/res/merged/debug/drawable_power_menu.png.flat",
        "source": "/Users/hir-hata/Desktop/git/OA_Setting_Assistance/app/src/main/res/drawable/power_menu.png"
    },
    {
        "merged": "/Users/hir-hata/Desktop/git/OA_Setting_Assistance/app/build/intermediates/res/merged/debug/layout_custom_dialog4.xml.flat",
        "source": "/Users/hir-hata/Desktop/git/OA_Setting_Assistance/app/src/main/res/layout/custom_dialog4.xml"
    },
    {
        "merged": "/Users/hir-hata/Desktop/git/OA_Setting_Assistance/app/build/intermediates/res/merged/debug/drawable_anyconnect_install.png.flat",
        "source": "/Users/hir-hata/Desktop/git/OA_Setting_Assistance/app/src/main/res/drawable/anyconnect_install.png"
    },
    {
        "merged": "/Users/hir-hata/Desktop/git/OA_Setting_Assistance/app/build/intermediates/res/merged/debug/drawable_dp_setting_2.png.flat",
        "source": "/Users/hir-hata/Desktop/git/OA_Setting_Assistance/app/src/main/res/drawable/dp_setting_2.png"
    },
    {
        "merged": "/Users/hir-hata/Desktop/git/OA_Setting_Assistance/app/build/intermediates/res/merged/debug/drawable_transparent.png.flat",
        "source": "/Users/hir-hata/Desktop/git/OA_Setting_Assistance/app/src/main/res/drawable/transparent.png"
    },
    {
        "merged": "/Users/hir-hata/Desktop/git/OA_Setting_Assistance/app/build/intermediates/res/merged/debug/drawable_bcdm_setup_7.png.flat",
        "source": "/Users/hir-hata/Desktop/git/OA_Setting_Assistance/app/src/main/res/drawable/bcdm_setup_7.png"
    },
    {
        "merged": "/Users/hir-hata/Desktop/git/OA_Setting_Assistance/app/build/intermediates/res/merged/debug/drawable_android3.png.flat",
        "source": "/Users/hir-hata/Desktop/git/OA_Setting_Assistance/app/src/main/res/drawable/android3.png"
    },
    {
        "merged": "/Users/hir-hata/Desktop/git/OA_Setting_Assistance/app/build/intermediates/res/merged/debug/layout_coach_mark_target_center.xml.flat",
        "source": "/Users/hir-hata/Desktop/git/OA_Setting_Assistance/app/src/main/res/layout/coach_mark_target_center.xml"
    },
    {
        "merged": "/Users/hir-hata/Desktop/git/OA_Setting_Assistance/app/build/intermediates/res/merged/debug/drawable_create_qrcode.png.flat",
        "source": "/Users/hir-hata/Desktop/git/OA_Setting_Assistance/app/src/main/res/drawable/create_qrcode.png"
    },
    {
        "merged": "/Users/hir-hata/Desktop/git/OA_Setting_Assistance/app/build/intermediates/res/merged/debug/drawable_number_sans_white_2.png.flat",
        "source": "/Users/hir-hata/Desktop/git/OA_Setting_Assistance/app/src/main/res/drawable/number_sans_white_2.png"
    },
    {
        "merged": "/Users/hir-hata/Desktop/git/OA_Setting_Assistance/app/build/intermediates/res/merged/debug/drawable_add_google_account_5.png.flat",
        "source": "/Users/hir-hata/Desktop/git/OA_Setting_Assistance/app/src/main/res/drawable/add_google_account_5.png"
    },
    {
        "merged": "/Users/hir-hata/Desktop/git/OA_Setting_Assistance/app/build/intermediates/res/merged/debug/drawable_wifi_pre_setting_6.png.flat",
        "source": "/Users/hir-hata/Desktop/git/OA_Setting_Assistance/app/src/main/res/drawable/wifi_pre_setting_6.png"
    },
    {
        "merged": "/Users/hir-hata/Desktop/git/OA_Setting_Assistance/app/build/intermediates/res/merged/debug/drawable_deviceid_setup_10.png.flat",
        "source": "/Users/hir-hata/Desktop/git/OA_Setting_Assistance/app/src/main/res/drawable/deviceid_setup_10.png"
    },
    {
        "merged": "/Users/hir-hata/Desktop/git/OA_Setting_Assistance/app/build/intermediates/res/merged/debug/drawable_help_icon2.png.flat",
        "source": "/Users/hir-hata/Desktop/git/OA_Setting_Assistance/app/src/main/res/drawable/help_icon2.png"
    },
    {
        "merged": "/Users/hir-hata/Desktop/git/OA_Setting_Assistance/app/build/intermediates/res/merged/debug/drawable_anyconnect_setup_2_4.png.flat",
        "source": "/Users/hir-hata/Desktop/git/OA_Setting_Assistance/app/src/main/res/drawable/anyconnect_setup_2_4.png"
    },
    {
        "merged": "/Users/hir-hata/Desktop/git/OA_Setting_Assistance/app/build/intermediates/res/merged/debug/drawable_number_sans_green_2.png.flat",
        "source": "/Users/hir-hata/Desktop/git/OA_Setting_Assistance/app/src/main/res/drawable/number_sans_green_2.png"
    },
    {
        "merged": "/Users/hir-hata/Desktop/git/OA_Setting_Assistance/app/build/intermediates/res/merged/debug/drawable_wifi_setting_3.png.flat",
        "source": "/Users/hir-hata/Desktop/git/OA_Setting_Assistance/app/src/main/res/drawable/wifi_setting_3.png"
    },
    {
        "merged": "/Users/hir-hata/Desktop/git/OA_Setting_Assistance/app/build/intermediates/res/merged/debug/drawable_home2.png.flat",
        "source": "/Users/hir-hata/Desktop/git/OA_Setting_Assistance/app/src/main/res/drawable/home2.png"
    },
    {
        "merged": "/Users/hir-hata/Desktop/git/OA_Setting_Assistance/app/build/intermediates/res/merged/debug/drawable_dp_setting_1.png.flat",
        "source": "/Users/hir-hata/Desktop/git/OA_Setting_Assistance/app/src/main/res/drawable/dp_setting_1.png"
    },
    {
        "merged": "/Users/hir-hata/Desktop/git/OA_Setting_Assistance/app/build/intermediates/res/merged/debug/drawable_number_sans_green_7.png.flat",
        "source": "/Users/hir-hata/Desktop/git/OA_Setting_Assistance/app/src/main/res/drawable/number_sans_green_7.png"
    },
    {
        "merged": "/Users/hir-hata/Desktop/git/OA_Setting_Assistance/app/build/intermediates/res/merged/debug/drawable_anyconnect_setup_1_1.png.flat",
        "source": "/Users/hir-hata/Desktop/git/OA_Setting_Assistance/app/src/main/res/drawable/anyconnect_setup_1_1.png"
    },
    {
        "merged": "/Users/hir-hata/Desktop/git/OA_Setting_Assistance/app/build/intermediates/res/merged/debug/drawable_list_back_layout.xml.flat",
        "source": "/Users/hir-hata/Desktop/git/OA_Setting_Assistance/app/src/main/res/drawable/list_back_layout.xml"
    },
    {
        "merged": "/Users/hir-hata/Desktop/git/OA_Setting_Assistance/app/build/intermediates/res/merged/debug/drawable_help_icon.png.flat",
        "source": "/Users/hir-hata/Desktop/git/OA_Setting_Assistance/app/src/main/res/drawable/help_icon.png"
    },
    {
        "merged": "/Users/hir-hata/Desktop/git/OA_Setting_Assistance/app/build/intermediates/res/merged/debug/drawable_tap_image_back.png.flat",
        "source": "/Users/hir-hata/Desktop/git/OA_Setting_Assistance/app/src/main/res/drawable/tap_image_back.png"
    },
    {
        "merged": "/Users/hir-hata/Desktop/git/OA_Setting_Assistance/app/build/intermediates/res/merged/debug/mipmap-hdpi_ic_launcher.png.flat",
        "source": "/Users/hir-hata/Desktop/git/OA_Setting_Assistance/app/src/main/res/mipmap-hdpi/ic_launcher.png"
    },
    {
        "merged": "/Users/hir-hata/Desktop/git/OA_Setting_Assistance/app/build/intermediates/res/merged/debug/drawable_number_sans_gray_4.png.flat",
        "source": "/Users/hir-hata/Desktop/git/OA_Setting_Assistance/app/src/main/res/drawable/number_sans_gray_4.png"
    },
    {
        "merged": "/Users/hir-hata/Desktop/git/OA_Setting_Assistance/app/build/intermediates/res/merged/debug/drawable_anyconnect_setup_2_9.png.flat",
        "source": "/Users/hir-hata/Desktop/git/OA_Setting_Assistance/app/src/main/res/drawable/anyconnect_setup_2_9.png"
    },
    {
        "merged": "/Users/hir-hata/Desktop/git/OA_Setting_Assistance/app/build/intermediates/res/merged/debug/mipmap-xhdpi_ic_launcher_round.png.flat",
        "source": "/Users/hir-hata/Desktop/git/OA_Setting_Assistance/app/src/main/res/mipmap-xhdpi/ic_launcher_round.png"
    },
    {
        "merged": "/Users/hir-hata/Desktop/git/OA_Setting_Assistance/app/build/intermediates/res/merged/debug/drawable_add_sb_account_2.png.flat",
        "source": "/Users/hir-hata/Desktop/git/OA_Setting_Assistance/app/src/main/res/drawable/add_sb_account_2.png"
    },
    {
        "merged": "/Users/hir-hata/Desktop/git/OA_Setting_Assistance/app/build/intermediates/res/merged/debug/drawable_oapc_layout.xml.flat",
        "source": "/Users/hir-hata/Desktop/git/OA_Setting_Assistance/app/src/main/res/drawable/oapc_layout.xml"
    },
    {
        "merged": "/Users/hir-hata/Desktop/git/OA_Setting_Assistance/app/build/intermediates/res/merged/debug/drawable_smile_app_install_8.png.flat",
        "source": "/Users/hir-hata/Desktop/git/OA_Setting_Assistance/app/src/main/res/drawable/smile_app_install_8.png"
    },
    {
        "merged": "/Users/hir-hata/Desktop/git/OA_Setting_Assistance/app/build/intermediates/res/merged/debug/drawable_set_device_policy_1.png.flat",
        "source": "/Users/hir-hata/Desktop/git/OA_Setting_Assistance/app/src/main/res/drawable/set_device_policy_1.png"
    },
    {
        "merged": "/Users/hir-hata/Desktop/git/OA_Setting_Assistance/app/build/intermediates/res/merged/debug/drawable_open_icon.png.flat",
        "source": "/Users/hir-hata/Desktop/git/OA_Setting_Assistance/app/src/main/res/drawable/open_icon.png"
    },
    {
        "merged": "/Users/hir-hata/Desktop/git/OA_Setting_Assistance/app/build/intermediates/res/merged/debug/drawable_number_sans_white_7.png.flat",
        "source": "/Users/hir-hata/Desktop/git/OA_Setting_Assistance/app/src/main/res/drawable/number_sans_white_7.png"
    },
    {
        "merged": "/Users/hir-hata/Desktop/git/OA_Setting_Assistance/app/build/intermediates/res/merged/debug/drawable_close_icon.png.flat",
        "source": "/Users/hir-hata/Desktop/git/OA_Setting_Assistance/app/src/main/res/drawable/close_icon.png"
    },
    {
        "merged": "/Users/hir-hata/Desktop/git/OA_Setting_Assistance/app/build/intermediates/res/merged/debug/drawable_ic_launcher_background.xml.flat",
        "source": "/Users/hir-hata/Desktop/git/OA_Setting_Assistance/app/src/main/res/drawable/ic_launcher_background.xml"
    },
    {
        "merged": "/Users/hir-hata/Desktop/git/OA_Setting_Assistance/app/build/intermediates/res/merged/debug/drawable_deviceid_setup_9.png.flat",
        "source": "/Users/hir-hata/Desktop/git/OA_Setting_Assistance/app/src/main/res/drawable/deviceid_setup_9.png"
    },
    {
        "merged": "/Users/hir-hata/Desktop/git/OA_Setting_Assistance/app/build/intermediates/res/merged/debug/drawable_bcdm_setup_2.png.flat",
        "source": "/Users/hir-hata/Desktop/git/OA_Setting_Assistance/app/src/main/res/drawable/bcdm_setup_2.png"
    },
    {
        "merged": "/Users/hir-hata/Desktop/git/OA_Setting_Assistance/app/build/intermediates/res/merged/debug/mipmap-xhdpi_ic_launcher_foreground.png.flat",
        "source": "/Users/hir-hata/Desktop/git/OA_Setting_Assistance/app/src/main/res/mipmap-xhdpi/ic_launcher_foreground.png"
    }
]