{
    "logs": [
        {
            "outputFile": "/Users/hir-hata/Desktop/git/OA_Setting_Assistance/app/build/intermediates/incremental/mergeReleaseResources/merged.dir/values-in/values-in.xml",
            "map": [
                {
                    "source": "/Users/hir-hata/.gradle/caches/transforms-2/files-2.1/103f6da9cfcddff36db3c6dfd56355ef/appcompat-1.0.2/res/values-in/values-in.xml",
                    "from": {
                        "startLines": "2,3,4,5,6,7,8,9,10,11,12,13,14,15,16,17,18,19,20,21,22,23,24,25,26,27,28,29",
                        "startColumns": "4,4,4,4,4,4,4,4,4,4,4,4,4,4,4,4,4,4,4,4,4,4,4,4,4,4,4,4",
                        "startOffsets": "105,215,317,422,509,613,729,811,890,981,1074,1170,1264,1365,1458,1553,1647,1738,1829,1915,2018,2127,2228,2332,2440,2548,2704,2803",
                        "endColumns": "109,101,104,86,103,115,81,78,90,92,95,93,100,92,94,93,90,90,85,102,108,100,103,107,107,155,98,83",
                        "endOffsets": "210,312,417,504,608,724,806,885,976,1069,1165,1259,1360,1453,1548,1642,1733,1824,1910,2013,2122,2223,2327,2435,2543,2699,2798,2882"
                    },
                    "to": {
                        "startLines": "2,3,4,5,6,7,8,9,10,11,12,13,14,15,16,17,18,19,20,21,22,23,24,25,26,27,28,47",
                        "startColumns": "4,4,4,4,4,4,4,4,4,4,4,4,4,4,4,4,4,4,4,4,4,4,4,4,4,4,4,4",
                        "startOffsets": "105,215,317,422,509,613,729,811,890,981,1074,1170,1264,1365,1458,1553,1647,1738,1829,1915,2018,2127,2228,2332,2440,2548,2704,5493",
                        "endColumns": "109,101,104,86,103,115,81,78,90,92,95,93,100,92,94,93,90,90,85,102,108,100,103,107,107,155,98,83",
                        "endOffsets": "210,312,417,504,608,724,806,885,976,1069,1165,1259,1360,1453,1548,1642,1733,1824,1910,2013,2122,2223,2327,2435,2543,2699,2798,5572"
                    }
                },
                {
                    "source": "/Users/hir-hata/.gradle/caches/transforms-2/files-2.1/590c17bff0588ec43f4b663d912c90d0/jetified-play-services-base-17.0.0/res/values-in/values.xml",
                    "from": {
                        "startLines": "4,5,6,7,8,9,10,11,12,13,14,15,16,17,18,19,20",
                        "startColumns": "0,0,0,0,0,0,0,0,0,0,0,0,0,0,0,0,0",
                        "startOffsets": "245,350,546,670,774,988,1113,1254,1385,1610,1713,1908,2032,2246,2416,2506,2592",
                        "endColumns": "104,195,123,103,213,124,140,130,224,102,194,123,213,169,89,85,103",
                        "endOffsets": "349,545,669,773,987,1112,1253,1384,1609,1712,1907,2031,2245,2415,2505,2591,2695"
                    },
                    "to": {
                        "startLines": "29,30,31,32,33,34,35,36,38,39,40,41,42,43,44,45,46",
                        "startColumns": "4,4,4,4,4,4,4,4,4,4,4,4,4,4,4,4,4",
                        "startOffsets": "2803,2912,3108,3236,3344,3558,3687,3832,4158,4383,4490,4685,4813,5027,5201,5295,5385",
                        "endColumns": "108,195,127,107,213,128,144,134,224,106,194,127,213,173,93,89,107",
                        "endOffsets": "2907,3103,3231,3339,3553,3682,3827,3962,4378,4485,4680,4808,5022,5196,5290,5380,5488"
                    }
                },
                {
                    "source": "/Users/hir-hata/.gradle/caches/transforms-2/files-2.1/c6a4fa9397969bc208d906381d004bef/jetified-play-services-basement-17.0.0/res/values-in/values.xml",
                    "from": {
                        "startLines": "4",
                        "startColumns": "0",
                        "startOffsets": "247",
                        "endColumns": "190",
                        "endOffsets": "437"
                    },
                    "to": {
                        "startLines": "37",
                        "startColumns": "4",
                        "startOffsets": "3967",
                        "endColumns": "190",
                        "endOffsets": "4153"
                    }
                },
                {
                    "source": "/Users/hir-hata/.gradle/caches/transforms-2/files-2.1/ba59237a96471176b9695f534b23ae79/core-1.1.0/res/values-in/values-in.xml",
                    "from": {
                        "startLines": "2",
                        "startColumns": "4",
                        "startOffsets": "55",
                        "endColumns": "100",
                        "endOffsets": "151"
                    },
                    "to": {
                        "startLines": "48",
                        "startColumns": "4",
                        "startOffsets": "5577",
                        "endColumns": "100",
                        "endOffsets": "5673"
                    }
                }
            ]
        }
    ]
}