{
    "logs": [
        {
            "outputFile": "/Users/hir-hata/Desktop/git/OA_Setting_Assistance/app/build/intermediates/incremental/mergeReleaseResources/merged.dir/values-hi/values-hi.xml",
            "map": [
                {
                    "source": "/Users/hir-hata/.gradle/caches/transforms-2/files-2.1/ba59237a96471176b9695f534b23ae79/core-1.1.0/res/values-hi/values-hi.xml",
                    "from": {
                        "startLines": "2",
                        "startColumns": "4",
                        "startOffsets": "55",
                        "endColumns": "100",
                        "endOffsets": "151"
                    },
                    "to": {
                        "startLines": "48",
                        "startColumns": "4",
                        "startOffsets": "5612",
                        "endColumns": "100",
                        "endOffsets": "5708"
                    }
                },
                {
                    "source": "/Users/hir-hata/.gradle/caches/transforms-2/files-2.1/590c17bff0588ec43f4b663d912c90d0/jetified-play-services-base-17.0.0/res/values-hi/values.xml",
                    "from": {
                        "startLines": "4,5,6,7,8,9,10,11,12,13,14,15,16,17,18,19,20",
                        "startColumns": "0,0,0,0,0,0,0,0,0,0,0,0,0,0,0,0,0",
                        "startOffsets": "245,351,543,667,777,987,1115,1253,1390,1606,1713,1910,2038,2238,2417,2506,2599",
                        "endColumns": "105,191,123,109,209,127,137,136,215,106,196,127,199,178,88,92,112",
                        "endOffsets": "350,542,666,776,986,1114,1252,1389,1605,1712,1909,2037,2237,2416,2505,2598,2711"
                    },
                    "to": {
                        "startLines": "29,30,31,32,33,34,35,36,38,39,40,41,42,43,44,45,46",
                        "startColumns": "4,4,4,4,4,4,4,4,4,4,4,4,4,4,4,4,4",
                        "startOffsets": "2812,2922,3114,3242,3356,3566,3698,3840,4186,4402,4513,4710,4842,5042,5225,5318,5415",
                        "endColumns": "109,191,127,113,209,131,141,140,215,110,196,131,199,182,92,96,116",
                        "endOffsets": "2917,3109,3237,3351,3561,3693,3835,3976,4397,4508,4705,4837,5037,5220,5313,5410,5527"
                    }
                },
                {
                    "source": "/Users/hir-hata/.gradle/caches/transforms-2/files-2.1/c6a4fa9397969bc208d906381d004bef/jetified-play-services-basement-17.0.0/res/values-hi/values.xml",
                    "from": {
                        "startLines": "4",
                        "startColumns": "0",
                        "startOffsets": "247",
                        "endColumns": "204",
                        "endOffsets": "451"
                    },
                    "to": {
                        "startLines": "37",
                        "startColumns": "4",
                        "startOffsets": "3981",
                        "endColumns": "204",
                        "endOffsets": "4181"
                    }
                },
                {
                    "source": "/Users/hir-hata/.gradle/caches/transforms-2/files-2.1/103f6da9cfcddff36db3c6dfd56355ef/appcompat-1.0.2/res/values-hi/values-hi.xml",
                    "from": {
                        "startLines": "2,3,4,5,6,7,8,9,10,11,12,13,14,15,16,17,18,19,20,21,22,23,24,25,26,27,28,29",
                        "startColumns": "4,4,4,4,4,4,4,4,4,4,4,4,4,4,4,4,4,4,4,4,4,4,4,4,4,4,4,4",
                        "startOffsets": "105,211,308,418,504,606,728,805,883,974,1067,1163,1257,1358,1451,1546,1640,1731,1822,1912,2021,2124,2226,2336,2437,2549,2711,2812",
                        "endColumns": "105,96,109,85,101,121,76,77,90,92,95,93,100,92,94,93,90,90,89,108,102,101,109,100,111,161,100,79",
                        "endOffsets": "206,303,413,499,601,723,800,878,969,1062,1158,1252,1353,1446,1541,1635,1726,1817,1907,2016,2119,2221,2331,2432,2544,2706,2807,2887"
                    },
                    "to": {
                        "startLines": "2,3,4,5,6,7,8,9,10,11,12,13,14,15,16,17,18,19,20,21,22,23,24,25,26,27,28,47",
                        "startColumns": "4,4,4,4,4,4,4,4,4,4,4,4,4,4,4,4,4,4,4,4,4,4,4,4,4,4,4,4",
                        "startOffsets": "105,211,308,418,504,606,728,805,883,974,1067,1163,1257,1358,1451,1546,1640,1731,1822,1912,2021,2124,2226,2336,2437,2549,2711,5532",
                        "endColumns": "105,96,109,85,101,121,76,77,90,92,95,93,100,92,94,93,90,90,89,108,102,101,109,100,111,161,100,79",
                        "endOffsets": "206,303,413,499,601,723,800,878,969,1062,1158,1252,1353,1446,1541,1635,1726,1817,1907,2016,2119,2221,2331,2432,2544,2706,2807,5607"
                    }
                }
            ]
        }
    ]
}