{
    "logs": [
        {
            "outputFile": "/Users/hir-hata/Desktop/git/OA_Setting_Assistance/app/build/intermediates/incremental/mergeReleaseResources/merged.dir/values-kk/values-kk.xml",
            "map": [
                {
                    "source": "/Users/hir-hata/.gradle/caches/transforms-2/files-2.1/590c17bff0588ec43f4b663d912c90d0/jetified-play-services-base-17.0.0/res/values-kk/values.xml",
                    "from": {
                        "startLines": "4,5,6,7,8,9,10,11,12,13,14,15,16,17,18,19,20",
                        "startColumns": "0,0,0,0,0,0,0,0,0,0,0,0,0,0,0,0,0",
                        "startOffsets": "245,346,531,655,759,958,1082,1231,1365,1589,1693,1881,2008,2220,2403,2492,2577",
                        "endColumns": "100,184,123,103,198,123,148,133,223,103,187,126,211,182,88,84,102",
                        "endOffsets": "345,530,654,758,957,1081,1230,1364,1588,1692,1880,2007,2219,2402,2491,2576,2679"
                    },
                    "to": {
                        "startLines": "29,30,31,32,33,34,35,36,38,39,40,41,42,43,44,45,46",
                        "startColumns": "4,4,4,4,4,4,4,4,4,4,4,4,4,4,4,4,4",
                        "startOffsets": "2812,2917,3102,3230,3338,3537,3665,3818,4179,4403,4511,4699,4830,5042,5229,5322,5411",
                        "endColumns": "104,184,127,107,198,127,152,137,223,107,187,130,211,186,92,88,106",
                        "endOffsets": "2912,3097,3225,3333,3532,3660,3813,3951,4398,4506,4694,4825,5037,5224,5317,5406,5513"
                    }
                },
                {
                    "source": "/Users/hir-hata/.gradle/caches/transforms-2/files-2.1/c6a4fa9397969bc208d906381d004bef/jetified-play-services-basement-17.0.0/res/values-kk/values.xml",
                    "from": {
                        "startLines": "4",
                        "startColumns": "0",
                        "startOffsets": "247",
                        "endColumns": "222",
                        "endOffsets": "469"
                    },
                    "to": {
                        "startLines": "37",
                        "startColumns": "4",
                        "startOffsets": "3956",
                        "endColumns": "222",
                        "endOffsets": "4174"
                    }
                },
                {
                    "source": "/Users/hir-hata/.gradle/caches/transforms-2/files-2.1/ba59237a96471176b9695f534b23ae79/core-1.1.0/res/values-kk/values-kk.xml",
                    "from": {
                        "startLines": "2",
                        "startColumns": "4",
                        "startOffsets": "55",
                        "endColumns": "100",
                        "endOffsets": "151"
                    },
                    "to": {
                        "startLines": "48",
                        "startColumns": "4",
                        "startOffsets": "5599",
                        "endColumns": "100",
                        "endOffsets": "5695"
                    }
                },
                {
                    "source": "/Users/hir-hata/.gradle/caches/transforms-2/files-2.1/103f6da9cfcddff36db3c6dfd56355ef/appcompat-1.0.2/res/values-kk/values-kk.xml",
                    "from": {
                        "startLines": "2,3,4,5,6,7,8,9,10,11,12,13,14,15,16,17,18,19,20,21,22,23,24,25,26,27,28,29",
                        "startColumns": "4,4,4,4,4,4,4,4,4,4,4,4,4,4,4,4,4,4,4,4,4,4,4,4,4,4,4,4",
                        "startOffsets": "105,217,320,430,515,621,740,821,901,992,1085,1181,1275,1376,1469,1564,1661,1752,1844,1925,2028,2133,2231,2338,2447,2547,2713,2812",
                        "endColumns": "111,102,109,84,105,118,80,79,90,92,95,93,100,92,94,96,90,91,80,102,104,97,106,108,99,165,98,80",
                        "endOffsets": "212,315,425,510,616,735,816,896,987,1080,1176,1270,1371,1464,1559,1656,1747,1839,1920,2023,2128,2226,2333,2442,2542,2708,2807,2888"
                    },
                    "to": {
                        "startLines": "2,3,4,5,6,7,8,9,10,11,12,13,14,15,16,17,18,19,20,21,22,23,24,25,26,27,28,47",
                        "startColumns": "4,4,4,4,4,4,4,4,4,4,4,4,4,4,4,4,4,4,4,4,4,4,4,4,4,4,4,4",
                        "startOffsets": "105,217,320,430,515,621,740,821,901,992,1085,1181,1275,1376,1469,1564,1661,1752,1844,1925,2028,2133,2231,2338,2447,2547,2713,5518",
                        "endColumns": "111,102,109,84,105,118,80,79,90,92,95,93,100,92,94,96,90,91,80,102,104,97,106,108,99,165,98,80",
                        "endOffsets": "212,315,425,510,616,735,816,896,987,1080,1176,1270,1371,1464,1559,1656,1747,1839,1920,2023,2128,2226,2333,2442,2542,2708,2807,5594"
                    }
                }
            ]
        }
    ]
}