{
    "logs": [
        {
            "outputFile": "/Users/hir-hata/Desktop/git/OA_Setting_Assistance/app/build/intermediates/incremental/mergeReleaseResources/merged.dir/values-watch-v20/values-watch-v20.xml",
            "map": [
                {
                    "source": "/Users/hir-hata/.gradle/caches/transforms-2/files-2.1/103f6da9cfcddff36db3c6dfd56355ef/appcompat-1.0.2/res/values-watch-v20/values-watch-v20.xml",
                    "from": {
                        "startLines": "2,5,8",
                        "startColumns": "4,4,4",
                        "startOffsets": "55,214,385",
                        "endLines": "4,7,10",
                        "endColumns": "12,12,12",
                        "endOffsets": "209,380,553"
                    }
                }
            ]
        }
    ]
}