{
    "logs": [
        {
            "outputFile": "/Users/hir-hata/Desktop/git/OA_Setting_Assistance/app/build/intermediates/incremental/mergeReleaseResources/merged.dir/values-uk/values-uk.xml",
            "map": [
                {
                    "source": "/Users/hir-hata/.gradle/caches/transforms-2/files-2.1/c6a4fa9397969bc208d906381d004bef/jetified-play-services-basement-17.0.0/res/values-uk/values.xml",
                    "from": {
                        "startLines": "4",
                        "startColumns": "0",
                        "startOffsets": "247",
                        "endColumns": "204",
                        "endOffsets": "451"
                    },
                    "to": {
                        "startLines": "37",
                        "startColumns": "4",
                        "startOffsets": "3988",
                        "endColumns": "204",
                        "endOffsets": "4188"
                    }
                },
                {
                    "source": "/Users/hir-hata/.gradle/caches/transforms-2/files-2.1/103f6da9cfcddff36db3c6dfd56355ef/appcompat-1.0.2/res/values-uk/values-uk.xml",
                    "from": {
                        "startLines": "2,3,4,5,6,7,8,9,10,11,12,13,14,15,16,17,18,19,20,21,22,23,24,25,26,27,28,29",
                        "startColumns": "4,4,4,4,4,4,4,4,4,4,4,4,4,4,4,4,4,4,4,4,4,4,4,4,4,4,4,4",
                        "startOffsets": "105,215,317,423,509,617,735,814,894,985,1078,1174,1268,1369,1462,1557,1652,1743,1834,1915,2021,2128,2226,2334,2440,2549,2719,2819",
                        "endColumns": "109,101,105,85,107,117,78,79,90,92,95,93,100,92,94,94,90,90,80,105,106,97,107,105,108,169,99,80",
                        "endOffsets": "210,312,418,504,612,730,809,889,980,1073,1169,1263,1364,1457,1552,1647,1738,1829,1910,2016,2123,2221,2329,2435,2544,2714,2814,2895"
                    },
                    "to": {
                        "startLines": "2,3,4,5,6,7,8,9,10,11,12,13,14,15,16,17,18,19,20,21,22,23,24,25,26,27,28,47",
                        "startColumns": "4,4,4,4,4,4,4,4,4,4,4,4,4,4,4,4,4,4,4,4,4,4,4,4,4,4,4,4",
                        "startOffsets": "105,215,317,423,509,617,735,814,894,985,1078,1174,1268,1369,1462,1557,1652,1743,1834,1915,2021,2128,2226,2334,2440,2549,2719,5534",
                        "endColumns": "109,101,105,85,107,117,78,79,90,92,95,93,100,92,94,94,90,90,80,105,106,97,107,105,108,169,99,80",
                        "endOffsets": "210,312,418,504,612,730,809,889,980,1073,1169,1263,1364,1457,1552,1647,1738,1829,1910,2016,2123,2221,2329,2435,2544,2714,2814,5610"
                    }
                },
                {
                    "source": "/Users/hir-hata/.gradle/caches/transforms-2/files-2.1/590c17bff0588ec43f4b663d912c90d0/jetified-play-services-base-17.0.0/res/values-uk/values.xml",
                    "from": {
                        "startLines": "4,5,6,7,8,9,10,11,12,13,14,15,16,17,18,19,20",
                        "startColumns": "0,0,0,0,0,0,0,0,0,0,0,0,0,0,0,0,0",
                        "startOffsets": "245,351,546,671,779,992,1119,1260,1390,1617,1721,1914,2037,2243,2411,2507,2594",
                        "endColumns": "105,194,124,107,212,126,140,129,226,103,192,122,205,167,95,86,112",
                        "endOffsets": "350,545,670,778,991,1118,1259,1389,1616,1720,1913,2036,2242,2410,2506,2593,2706"
                    },
                    "to": {
                        "startLines": "29,30,31,32,33,34,35,36,38,39,40,41,42,43,44,45,46",
                        "startColumns": "4,4,4,4,4,4,4,4,4,4,4,4,4,4,4,4,4",
                        "startOffsets": "2819,2929,3124,3253,3365,3578,3709,3854,4193,4420,4528,4721,4848,5054,5226,5326,5417",
                        "endColumns": "109,194,128,111,212,130,144,133,226,107,192,126,205,171,99,90,116",
                        "endOffsets": "2924,3119,3248,3360,3573,3704,3849,3983,4415,4523,4716,4843,5049,5221,5321,5412,5529"
                    }
                },
                {
                    "source": "/Users/hir-hata/.gradle/caches/transforms-2/files-2.1/ba59237a96471176b9695f534b23ae79/core-1.1.0/res/values-uk/values-uk.xml",
                    "from": {
                        "startLines": "2",
                        "startColumns": "4",
                        "startOffsets": "55",
                        "endColumns": "100",
                        "endOffsets": "151"
                    },
                    "to": {
                        "startLines": "48",
                        "startColumns": "4",
                        "startOffsets": "5615",
                        "endColumns": "100",
                        "endOffsets": "5711"
                    }
                }
            ]
        }
    ]
}