{
    "logs": [
        {
            "outputFile": "/Users/hir-hata/Desktop/git/OA_Setting_Assistance/app/build/intermediates/incremental/mergeReleaseResources/merged.dir/values-fr/values-fr.xml",
            "map": [
                {
                    "source": "/Users/hir-hata/.gradle/caches/transforms-2/files-2.1/c6a4fa9397969bc208d906381d004bef/jetified-play-services-basement-17.0.0/res/values-fr/values.xml",
                    "from": {
                        "startLines": "4",
                        "startColumns": "0",
                        "startOffsets": "247",
                        "endColumns": "223",
                        "endOffsets": "470"
                    },
                    "to": {
                        "startLines": "37",
                        "startColumns": "4",
                        "startOffsets": "4080",
                        "endColumns": "223",
                        "endOffsets": "4299"
                    }
                },
                {
                    "source": "/Users/hir-hata/.gradle/caches/transforms-2/files-2.1/ba59237a96471176b9695f534b23ae79/core-1.1.0/res/values-fr/values-fr.xml",
                    "from": {
                        "startLines": "2",
                        "startColumns": "4",
                        "startOffsets": "55",
                        "endColumns": "100",
                        "endOffsets": "151"
                    },
                    "to": {
                        "startLines": "48",
                        "startColumns": "4",
                        "startOffsets": "5836",
                        "endColumns": "100",
                        "endOffsets": "5932"
                    }
                },
                {
                    "source": "/Users/hir-hata/.gradle/caches/transforms-2/files-2.1/103f6da9cfcddff36db3c6dfd56355ef/appcompat-1.0.2/res/values-fr/values-fr.xml",
                    "from": {
                        "startLines": "2,3,4,5,6,7,8,9,10,11,12,13,14,15,16,17,18,19,20,21,22,23,24,25,26,27,28,29",
                        "startColumns": "4,4,4,4,4,4,4,4,4,4,4,4,4,4,4,4,4,4,4,4,4,4,4,4,4,4,4,4",
                        "startOffsets": "105,216,331,442,524,630,760,843,923,1014,1107,1206,1301,1402,1495,1588,1683,1774,1865,1951,2061,2173,2276,2387,2494,2601,2760,2859",
                        "endColumns": "110,114,110,81,105,129,82,79,90,92,98,94,100,92,92,94,90,90,85,109,111,102,110,106,106,158,98,85",
                        "endOffsets": "211,326,437,519,625,755,838,918,1009,1102,1201,1296,1397,1490,1583,1678,1769,1860,1946,2056,2168,2271,2382,2489,2596,2755,2854,2940"
                    },
                    "to": {
                        "startLines": "2,3,4,5,6,7,8,9,10,11,12,13,14,15,16,17,18,19,20,21,22,23,24,25,26,27,28,47",
                        "startColumns": "4,4,4,4,4,4,4,4,4,4,4,4,4,4,4,4,4,4,4,4,4,4,4,4,4,4,4,4",
                        "startOffsets": "105,216,331,442,524,630,760,843,923,1014,1107,1206,1301,1402,1495,1588,1683,1774,1865,1951,2061,2173,2276,2387,2494,2601,2760,5750",
                        "endColumns": "110,114,110,81,105,129,82,79,90,92,98,94,100,92,92,94,90,90,85,109,111,102,110,106,106,158,98,85",
                        "endOffsets": "211,326,437,519,625,755,838,918,1009,1102,1201,1296,1397,1490,1583,1678,1769,1860,1946,2056,2168,2271,2382,2489,2596,2755,2854,5831"
                    }
                },
                {
                    "source": "/Users/hir-hata/.gradle/caches/transforms-2/files-2.1/590c17bff0588ec43f4b663d912c90d0/jetified-play-services-base-17.0.0/res/values-fr/values.xml",
                    "from": {
                        "startLines": "4,5,6,7,8,9,10,11,12,13,14,15,16,17,18,19,20",
                        "startColumns": "0,0,0,0,0,0,0,0,0,0,0,0,0,0,0,0,0",
                        "startOffsets": "245,349,561,689,796,1026,1157,1304,1442,1679,1789,2005,2139,2358,2563,2662,2755",
                        "endColumns": "103,211,127,106,229,130,146,137,236,109,215,133,218,204,98,92,108",
                        "endOffsets": "348,560,688,795,1025,1156,1303,1441,1678,1788,2004,2138,2357,2562,2661,2754,2863"
                    },
                    "to": {
                        "startLines": "29,30,31,32,33,34,35,36,38,39,40,41,42,43,44,45,46",
                        "startColumns": "4,4,4,4,4,4,4,4,4,4,4,4,4,4,4,4,4",
                        "startOffsets": "2859,2967,3179,3311,3422,3652,3787,3938,4304,4541,4655,4871,5009,5228,5437,5540,5637",
                        "endColumns": "107,211,131,110,229,134,150,141,236,113,215,137,218,208,102,96,112",
                        "endOffsets": "2962,3174,3306,3417,3647,3782,3933,4075,4536,4650,4866,5004,5223,5432,5535,5632,5745"
                    }
                }
            ]
        }
    ]
}