{
    "logs": [
        {
            "outputFile": "/Users/hir-hata/Desktop/git/OA_Setting_Assistance/app/build/intermediates/incremental/mergeReleaseResources/merged.dir/values-kn/values-kn.xml",
            "map": [
                {
                    "source": "/Users/hir-hata/.gradle/caches/transforms-2/files-2.1/103f6da9cfcddff36db3c6dfd56355ef/appcompat-1.0.2/res/values-kn/values-kn.xml",
                    "from": {
                        "startLines": "2,3,4,5,6,7,8,9,10,11,12,13,14,15,16,17,18,19,20,21,22,23,24,25,26,27,28,29",
                        "startColumns": "4,4,4,4,4,4,4,4,4,4,4,4,4,4,4,4,4,4,4,4,4,4,4,4,4,4,4,4",
                        "startOffsets": "105,223,335,448,536,643,770,847,924,1015,1108,1204,1298,1399,1492,1587,1681,1772,1863,1945,2061,2172,2271,2384,2488,2602,2766,2866",
                        "endColumns": "117,111,112,87,106,126,76,76,90,92,95,93,100,92,94,93,90,90,81,115,110,98,112,103,113,163,99,81",
                        "endOffsets": "218,330,443,531,638,765,842,919,1010,1103,1199,1293,1394,1487,1582,1676,1767,1858,1940,2056,2167,2266,2379,2483,2597,2761,2861,2943"
                    },
                    "to": {
                        "startLines": "2,3,4,5,6,7,8,9,10,11,12,13,14,15,16,17,18,19,20,21,22,23,24,25,26,27,28,47",
                        "startColumns": "4,4,4,4,4,4,4,4,4,4,4,4,4,4,4,4,4,4,4,4,4,4,4,4,4,4,4,4",
                        "startOffsets": "105,223,335,448,536,643,770,847,924,1015,1108,1204,1298,1399,1492,1587,1681,1772,1863,1945,2061,2172,2271,2384,2488,2602,2766,5586",
                        "endColumns": "117,111,112,87,106,126,76,76,90,92,95,93,100,92,94,93,90,90,81,115,110,98,112,103,113,163,99,81",
                        "endOffsets": "218,330,443,531,638,765,842,919,1010,1103,1199,1293,1394,1487,1582,1676,1767,1858,1940,2056,2167,2266,2379,2483,2597,2761,2861,5663"
                    }
                },
                {
                    "source": "/Users/hir-hata/.gradle/caches/transforms-2/files-2.1/ba59237a96471176b9695f534b23ae79/core-1.1.0/res/values-kn/values-kn.xml",
                    "from": {
                        "startLines": "2",
                        "startColumns": "4",
                        "startOffsets": "55",
                        "endColumns": "100",
                        "endOffsets": "151"
                    },
                    "to": {
                        "startLines": "48",
                        "startColumns": "4",
                        "startOffsets": "5668",
                        "endColumns": "100",
                        "endOffsets": "5764"
                    }
                },
                {
                    "source": "/Users/hir-hata/.gradle/caches/transforms-2/files-2.1/c6a4fa9397969bc208d906381d004bef/jetified-play-services-basement-17.0.0/res/values-kn/values.xml",
                    "from": {
                        "startLines": "4",
                        "startColumns": "0",
                        "startOffsets": "247",
                        "endColumns": "204",
                        "endOffsets": "451"
                    },
                    "to": {
                        "startLines": "37",
                        "startColumns": "4",
                        "startOffsets": "4032",
                        "endColumns": "204",
                        "endOffsets": "4232"
                    }
                },
                {
                    "source": "/Users/hir-hata/.gradle/caches/transforms-2/files-2.1/590c17bff0588ec43f4b663d912c90d0/jetified-play-services-base-17.0.0/res/values-kn/values.xml",
                    "from": {
                        "startLines": "4,5,6,7,8,9,10,11,12,13,14,15,16,17,18,19,20",
                        "startColumns": "0,0,0,0,0,0,0,0,0,0,0,0,0,0,0,0,0",
                        "startOffsets": "245,354,556,687,800,1002,1129,1263,1387,1596,1707,1898,2031,2235,2418,2513,2602",
                        "endColumns": "108,201,130,112,201,126,133,123,208,110,190,132,203,182,94,88,109",
                        "endOffsets": "353,555,686,799,1001,1128,1262,1386,1595,1706,1897,2030,2234,2417,2512,2601,2711"
                    },
                    "to": {
                        "startLines": "29,30,31,32,33,34,35,36,38,39,40,41,42,43,44,45,46",
                        "startColumns": "4,4,4,4,4,4,4,4,4,4,4,4,4,4,4,4,4",
                        "startOffsets": "2866,2979,3181,3316,3433,3635,3766,3904,4237,4446,4561,4752,4889,5093,5280,5379,5472",
                        "endColumns": "112,201,134,116,201,130,137,127,208,114,190,136,203,186,98,92,113",
                        "endOffsets": "2974,3176,3311,3428,3630,3761,3899,4027,4441,4556,4747,4884,5088,5275,5374,5467,5581"
                    }
                }
            ]
        }
    ]
}