{
    "logs": [
        {
            "outputFile": "/Users/hir-hata/Desktop/git/OA_Setting_Assistance/app/build/intermediates/incremental/mergeReleaseResources/merged.dir/values-pt-rBR/values-pt-rBR.xml",
            "map": [
                {
                    "source": "/Users/hir-hata/.gradle/caches/transforms-2/files-2.1/c6a4fa9397969bc208d906381d004bef/jetified-play-services-basement-17.0.0/res/values-pt-rBR/values.xml",
                    "from": {
                        "startLines": "4",
                        "startColumns": "0",
                        "startOffsets": "251",
                        "endColumns": "203",
                        "endOffsets": "454"
                    },
                    "to": {
                        "startLines": "37",
                        "startColumns": "4",
                        "startOffsets": "4014",
                        "endColumns": "203",
                        "endOffsets": "4213"
                    }
                },
                {
                    "source": "/Users/hir-hata/.gradle/caches/transforms-2/files-2.1/103f6da9cfcddff36db3c6dfd56355ef/appcompat-1.0.2/res/values-pt-rBR/values-pt-rBR.xml",
                    "from": {
                        "startLines": "2,3,4,5,6,7,8,9,10,11,12,13,14,15,16,17,18,19,20,21,22,23,24,25,26,27,28,29",
                        "startColumns": "4,4,4,4,4,4,4,4,4,4,4,4,4,4,4,4,4,4,4,4,4,4,4,4,4,4,4,4",
                        "startOffsets": "105,225,331,438,527,628,746,829,909,1000,1093,1189,1283,1384,1477,1572,1667,1758,1849,1936,2043,2155,2257,2365,2472,2582,2744,2844",
                        "endColumns": "119,105,106,88,100,117,82,79,90,92,95,93,100,92,94,94,90,90,86,106,111,101,107,106,109,161,99,84",
                        "endOffsets": "220,326,433,522,623,741,824,904,995,1088,1184,1278,1379,1472,1567,1662,1753,1844,1931,2038,2150,2252,2360,2467,2577,2739,2839,2924"
                    },
                    "to": {
                        "startLines": "2,3,4,5,6,7,8,9,10,11,12,13,14,15,16,17,18,19,20,21,22,23,24,25,26,27,28,47",
                        "startColumns": "4,4,4,4,4,4,4,4,4,4,4,4,4,4,4,4,4,4,4,4,4,4,4,4,4,4,4,4",
                        "startOffsets": "105,225,331,438,527,628,746,829,909,1000,1093,1189,1283,1384,1477,1572,1667,1758,1849,1936,2043,2155,2257,2365,2472,2582,2744,5595",
                        "endColumns": "119,105,106,88,100,117,82,79,90,92,95,93,100,92,94,94,90,90,86,106,111,101,107,106,109,161,99,84",
                        "endOffsets": "220,326,433,522,623,741,824,904,995,1088,1184,1278,1379,1472,1567,1662,1753,1844,1931,2038,2150,2252,2360,2467,2577,2739,2839,5675"
                    }
                },
                {
                    "source": "/Users/hir-hata/.gradle/caches/transforms-2/files-2.1/ba59237a96471176b9695f534b23ae79/core-1.1.0/res/values-pt-rBR/values-pt-rBR.xml",
                    "from": {
                        "startLines": "2",
                        "startColumns": "4",
                        "startOffsets": "55",
                        "endColumns": "100",
                        "endOffsets": "151"
                    },
                    "to": {
                        "startLines": "48",
                        "startColumns": "4",
                        "startOffsets": "5680",
                        "endColumns": "100",
                        "endOffsets": "5776"
                    }
                },
                {
                    "source": "/Users/hir-hata/.gradle/caches/transforms-2/files-2.1/590c17bff0588ec43f4b663d912c90d0/jetified-play-services-base-17.0.0/res/values-pt-rBR/values.xml",
                    "from": {
                        "startLines": "4,5,6,7,8,9,10,11,12,13,14,15,16,17,18,19,20",
                        "startColumns": "0,0,0,0,0,0,0,0,0,0,0,0,0,0,0,0,0",
                        "startOffsets": "249,352,532,657,763,989,1117,1265,1395,1624,1730,1925,2053,2269,2452,2547,2639",
                        "endColumns": "102,179,124,105,225,127,147,129,228,105,194,127,215,182,94,91,108",
                        "endOffsets": "351,531,656,762,988,1116,1264,1394,1623,1729,1924,2052,2268,2451,2546,2638,2747"
                    },
                    "to": {
                        "startLines": "29,30,31,32,33,34,35,36,38,39,40,41,42,43,44,45,46",
                        "startColumns": "4,4,4,4,4,4,4,4,4,4,4,4,4,4,4,4,4",
                        "startOffsets": "2844,2951,3131,3260,3370,3596,3728,3880,4218,4447,4557,4752,4884,5100,5287,5386,5482",
                        "endColumns": "106,179,128,109,225,131,151,133,228,109,194,131,215,186,98,95,112",
                        "endOffsets": "2946,3126,3255,3365,3591,3723,3875,4009,4442,4552,4747,4879,5095,5282,5381,5477,5590"
                    }
                }
            ]
        }
    ]
}