{
    "logs": [
        {
            "outputFile": "/Users/hir-hata/Desktop/git/OA_Setting_Assistance/app/build/intermediates/incremental/mergeReleaseResources/merged.dir/values-lt/values-lt.xml",
            "map": [
                {
                    "source": "/Users/hir-hata/.gradle/caches/transforms-2/files-2.1/103f6da9cfcddff36db3c6dfd56355ef/appcompat-1.0.2/res/values-lt/values-lt.xml",
                    "from": {
                        "startLines": "2,3,4,5,6,7,8,9,10,11,12,13,14,15,16,17,18,19,20,21,22,23,24,25,26,27,28,29",
                        "startColumns": "4,4,4,4,4,4,4,4,4,4,4,4,4,4,4,4,4,4,4,4,4,4,4,4,4,4,4,4",
                        "startOffsets": "105,221,322,435,522,631,752,834,915,1009,1105,1203,1299,1403,1499,1597,1700,1794,1888,1973,2082,2191,2291,2401,2505,2618,2794,2895",
                        "endColumns": "115,100,112,86,108,120,81,80,93,95,97,95,103,95,97,102,93,93,84,108,108,99,109,103,112,175,100,82",
                        "endOffsets": "216,317,430,517,626,747,829,910,1004,1100,1198,1294,1398,1494,1592,1695,1789,1883,1968,2077,2186,2286,2396,2500,2613,2789,2890,2973"
                    },
                    "to": {
                        "startLines": "2,3,4,5,6,7,8,9,10,11,12,13,14,15,16,17,18,19,20,21,22,23,24,25,26,27,28,47",
                        "startColumns": "4,4,4,4,4,4,4,4,4,4,4,4,4,4,4,4,4,4,4,4,4,4,4,4,4,4,4,4",
                        "startOffsets": "105,221,322,435,522,631,752,834,915,1009,1105,1203,1299,1403,1499,1597,1700,1794,1888,1973,2082,2191,2291,2401,2505,2618,2794,5650",
                        "endColumns": "115,100,112,86,108,120,81,80,93,95,97,95,103,95,97,102,93,93,84,108,108,99,109,103,112,175,100,82",
                        "endOffsets": "216,317,430,517,626,747,829,910,1004,1100,1198,1294,1398,1494,1592,1695,1789,1883,1968,2077,2186,2286,2396,2500,2613,2789,2890,5728"
                    }
                },
                {
                    "source": "/Users/hir-hata/.gradle/caches/transforms-2/files-2.1/590c17bff0588ec43f4b663d912c90d0/jetified-play-services-base-17.0.0/res/values-lt/values.xml",
                    "from": {
                        "startLines": "4,5,6,7,8,9,10,11,12,13,14,15,16,17,18,19,20",
                        "startColumns": "0,0,0,0,0,0,0,0,0,0,0,0,0,0,0,0,0",
                        "startOffsets": "245,350,534,664,769,981,1109,1254,1385,1610,1717,1913,2045,2257,2433,2527,2619",
                        "endColumns": "104,183,129,104,211,127,144,130,224,106,195,131,211,175,93,91,114",
                        "endOffsets": "349,533,663,768,980,1108,1253,1384,1609,1716,1912,2044,2256,2432,2526,2618,2733"
                    },
                    "to": {
                        "startLines": "29,30,31,32,33,34,35,36,38,39,40,41,42,43,44,45,46",
                        "startColumns": "4,4,4,4,4,4,4,4,4,4,4,4,4,4,4,4,4",
                        "startOffsets": "2895,3004,3188,3322,3431,3643,3775,3924,4277,4502,4613,4809,4945,5157,5337,5435,5531",
                        "endColumns": "108,183,133,108,211,131,148,134,224,110,195,135,211,179,97,95,118",
                        "endOffsets": "2999,3183,3317,3426,3638,3770,3919,4054,4497,4608,4804,4940,5152,5332,5430,5526,5645"
                    }
                },
                {
                    "source": "/Users/hir-hata/.gradle/caches/transforms-2/files-2.1/c6a4fa9397969bc208d906381d004bef/jetified-play-services-basement-17.0.0/res/values-lt/values.xml",
                    "from": {
                        "startLines": "4",
                        "startColumns": "0",
                        "startOffsets": "247",
                        "endColumns": "217",
                        "endOffsets": "464"
                    },
                    "to": {
                        "startLines": "37",
                        "startColumns": "4",
                        "startOffsets": "4059",
                        "endColumns": "217",
                        "endOffsets": "4272"
                    }
                },
                {
                    "source": "/Users/hir-hata/.gradle/caches/transforms-2/files-2.1/ba59237a96471176b9695f534b23ae79/core-1.1.0/res/values-lt/values-lt.xml",
                    "from": {
                        "startLines": "2",
                        "startColumns": "4",
                        "startOffsets": "55",
                        "endColumns": "100",
                        "endOffsets": "151"
                    },
                    "to": {
                        "startLines": "48",
                        "startColumns": "4",
                        "startOffsets": "5733",
                        "endColumns": "100",
                        "endOffsets": "5829"
                    }
                }
            ]
        }
    ]
}