{
    "logs": [
        {
            "outputFile": "/Users/hir-hata/Desktop/git/OA_Setting_Assistance/app/build/intermediates/incremental/mergeReleaseResources/merged.dir/values-bn/values-bn.xml",
            "map": [
                {
                    "source": "/Users/hir-hata/.gradle/caches/transforms-2/files-2.1/103f6da9cfcddff36db3c6dfd56355ef/appcompat-1.0.2/res/values-bn/values-bn.xml",
                    "from": {
                        "startLines": "2,3,4,5,6,7,8,9,10,11,12,13,14,15,16,17,18,19,20,21,22,23,24,25,26,27,28,29",
                        "startColumns": "4,4,4,4,4,4,4,4,4,4,4,4,4,4,4,4,4,4,4,4,4,4,4,4,4,4,4,4",
                        "startOffsets": "105,214,326,432,526,631,760,838,916,1007,1100,1195,1289,1390,1483,1578,1672,1763,1854,1941,2051,2159,2258,2368,2474,2587,2752,2857",
                        "endColumns": "108,111,105,93,104,128,77,77,90,92,94,93,100,92,94,93,90,90,86,109,107,98,109,105,112,164,104,81",
                        "endOffsets": "209,321,427,521,626,755,833,911,1002,1095,1190,1284,1385,1478,1573,1667,1758,1849,1936,2046,2154,2253,2363,2469,2582,2747,2852,2934"
                    },
                    "to": {
                        "startLines": "2,3,4,5,6,7,8,9,10,11,12,13,14,15,16,17,18,19,20,21,22,23,24,25,26,27,28,47",
                        "startColumns": "4,4,4,4,4,4,4,4,4,4,4,4,4,4,4,4,4,4,4,4,4,4,4,4,4,4,4,4",
                        "startOffsets": "105,214,326,432,526,631,760,838,916,1007,1100,1195,1289,1390,1483,1578,1672,1763,1854,1941,2051,2159,2258,2368,2474,2587,2752,5517",
                        "endColumns": "108,111,105,93,104,128,77,77,90,92,94,93,100,92,94,93,90,90,86,109,107,98,109,105,112,164,104,81",
                        "endOffsets": "209,321,427,521,626,755,833,911,1002,1095,1190,1284,1385,1478,1573,1667,1758,1849,1936,2046,2154,2253,2363,2469,2582,2747,2852,5594"
                    }
                },
                {
                    "source": "/Users/hir-hata/.gradle/caches/transforms-2/files-2.1/ba59237a96471176b9695f534b23ae79/core-1.1.0/res/values-bn/values-bn.xml",
                    "from": {
                        "startLines": "2",
                        "startColumns": "4",
                        "startOffsets": "55",
                        "endColumns": "100",
                        "endOffsets": "151"
                    },
                    "to": {
                        "startLines": "48",
                        "startColumns": "4",
                        "startOffsets": "5599",
                        "endColumns": "100",
                        "endOffsets": "5695"
                    }
                },
                {
                    "source": "/Users/hir-hata/.gradle/caches/transforms-2/files-2.1/590c17bff0588ec43f4b663d912c90d0/jetified-play-services-base-17.0.0/res/values-bn/values.xml",
                    "from": {
                        "startLines": "4,5,6,7,8,9,10,11,12,13,14,15,16,17,18,19,20",
                        "startColumns": "0,0,0,0,0,0,0,0,0,0,0,0,0,0,0,0,0",
                        "startOffsets": "245,352,543,669,778,974,1094,1232,1361,1565,1672,1859,1985,2178,2352,2438,2531",
                        "endColumns": "106,190,125,108,195,119,137,128,203,106,186,125,192,173,85,92,114",
                        "endOffsets": "351,542,668,777,973,1093,1231,1360,1564,1671,1858,1984,2177,2351,2437,2530,2645"
                    },
                    "to": {
                        "startLines": "29,30,31,32,33,34,35,36,38,39,40,41,42,43,44,45,46",
                        "startColumns": "4,4,4,4,4,4,4,4,4,4,4,4,4,4,4,4,4",
                        "startOffsets": "2857,2968,3159,3289,3402,3598,3722,3864,4208,4412,4523,4710,4840,5033,5211,5301,5398",
                        "endColumns": "110,190,129,112,195,123,141,132,203,110,186,129,192,177,89,96,118",
                        "endOffsets": "2963,3154,3284,3397,3593,3717,3859,3992,4407,4518,4705,4835,5028,5206,5296,5393,5512"
                    }
                },
                {
                    "source": "/Users/hir-hata/.gradle/caches/transforms-2/files-2.1/c6a4fa9397969bc208d906381d004bef/jetified-play-services-basement-17.0.0/res/values-bn/values.xml",
                    "from": {
                        "startLines": "4",
                        "startColumns": "0",
                        "startOffsets": "247",
                        "endColumns": "210",
                        "endOffsets": "457"
                    },
                    "to": {
                        "startLines": "37",
                        "startColumns": "4",
                        "startOffsets": "3997",
                        "endColumns": "210",
                        "endOffsets": "4203"
                    }
                }
            ]
        }
    ]
}