{
    "logs": [
        {
            "outputFile": "/Users/hir-hata/Desktop/git/OA_Setting_Assistance/app/build/intermediates/incremental/mergeReleaseResources/merged.dir/values-pt-rPT/values-pt-rPT.xml",
            "map": [
                {
                    "source": "/Users/hir-hata/.gradle/caches/transforms-2/files-2.1/103f6da9cfcddff36db3c6dfd56355ef/appcompat-1.0.2/res/values-pt-rPT/values-pt-rPT.xml",
                    "from": {
                        "startLines": "2,3,4,5,6,7,8,9,10,11,12,13,14,15,16,17,18,19,20,21,22,23,24,25,26,27,28,29",
                        "startColumns": "4,4,4,4,4,4,4,4,4,4,4,4,4,4,4,4,4,4,4,4,4,4,4,4,4,4,4,4",
                        "startOffsets": "105,225,331,438,527,628,752,836,917,1009,1103,1201,1295,1395,1489,1585,1680,1772,1864,1951,2058,2170,2272,2380,2487,2594,2765,2864",
                        "endColumns": "119,105,106,88,100,123,83,80,91,93,97,93,99,93,95,94,91,91,86,106,111,101,107,106,106,170,98,84",
                        "endOffsets": "220,326,433,522,623,747,831,912,1004,1098,1196,1290,1390,1484,1580,1675,1767,1859,1946,2053,2165,2267,2375,2482,2589,2760,2859,2944"
                    },
                    "to": {
                        "startLines": "2,3,4,5,6,7,8,9,10,11,12,13,14,15,16,17,18,19,20,21,22,23,24,25,26,27,28,47",
                        "startColumns": "4,4,4,4,4,4,4,4,4,4,4,4,4,4,4,4,4,4,4,4,4,4,4,4,4,4,4,4",
                        "startOffsets": "105,225,331,438,527,628,752,836,917,1009,1103,1201,1295,1395,1489,1585,1680,1772,1864,1951,2058,2170,2272,2380,2487,2594,2765,5687",
                        "endColumns": "119,105,106,88,100,123,83,80,91,93,97,93,99,93,95,94,91,91,86,106,111,101,107,106,106,170,98,84",
                        "endOffsets": "220,326,433,522,623,747,831,912,1004,1098,1196,1290,1390,1484,1580,1675,1767,1859,1946,2053,2165,2267,2375,2482,2589,2760,2859,5767"
                    }
                },
                {
                    "source": "/Users/hir-hata/.gradle/caches/transforms-2/files-2.1/590c17bff0588ec43f4b663d912c90d0/jetified-play-services-base-17.0.0/res/values-pt-rPT/values.xml",
                    "from": {
                        "startLines": "4,5,6,7,8,9,10,11,12,13,14,15,16,17,18,19,20",
                        "startColumns": "0,0,0,0,0,0,0,0,0,0,0,0,0,0,0,0,0",
                        "startOffsets": "249,352,547,673,779,1006,1132,1280,1414,1661,1767,1968,2097,2315,2519,2613,2708",
                        "endColumns": "102,194,125,105,226,125,147,133,246,105,200,128,217,203,93,94,111",
                        "endOffsets": "351,546,672,778,1005,1131,1279,1413,1660,1766,1967,2096,2314,2518,2612,2707,2819"
                    },
                    "to": {
                        "startLines": "29,30,31,32,33,34,35,36,38,39,40,41,42,43,44,45,46",
                        "startColumns": "4,4,4,4,4,4,4,4,4,4,4,4,4,4,4,4,4",
                        "startOffsets": "2864,2971,3166,3296,3406,3633,3763,3915,4257,4504,4614,4815,4948,5166,5374,5472,5571",
                        "endColumns": "106,194,129,109,226,129,151,137,246,109,200,132,217,207,97,98,115",
                        "endOffsets": "2966,3161,3291,3401,3628,3758,3910,4048,4499,4609,4810,4943,5161,5369,5467,5566,5682"
                    }
                },
                {
                    "source": "/Users/hir-hata/.gradle/caches/transforms-2/files-2.1/ba59237a96471176b9695f534b23ae79/core-1.1.0/res/values-pt-rPT/values-pt-rPT.xml",
                    "from": {
                        "startLines": "2",
                        "startColumns": "4",
                        "startOffsets": "55",
                        "endColumns": "100",
                        "endOffsets": "151"
                    },
                    "to": {
                        "startLines": "48",
                        "startColumns": "4",
                        "startOffsets": "5772",
                        "endColumns": "100",
                        "endOffsets": "5868"
                    }
                },
                {
                    "source": "/Users/hir-hata/.gradle/caches/transforms-2/files-2.1/c6a4fa9397969bc208d906381d004bef/jetified-play-services-basement-17.0.0/res/values-pt-rPT/values.xml",
                    "from": {
                        "startLines": "4",
                        "startColumns": "0",
                        "startOffsets": "251",
                        "endColumns": "203",
                        "endOffsets": "454"
                    },
                    "to": {
                        "startLines": "37",
                        "startColumns": "4",
                        "startOffsets": "4053",
                        "endColumns": "203",
                        "endOffsets": "4252"
                    }
                }
            ]
        }
    ]
}