{
    "logs": [
        {
            "outputFile": "/Users/hir-hata/Desktop/git/OA_Setting_Assistance/app/build/intermediates/incremental/mergeReleaseResources/merged.dir/values-lv/values-lv.xml",
            "map": [
                {
                    "source": "/Users/hir-hata/.gradle/caches/transforms-2/files-2.1/103f6da9cfcddff36db3c6dfd56355ef/appcompat-1.0.2/res/values-lv/values-lv.xml",
                    "from": {
                        "startLines": "2,3,4,5,6,7,8,9,10,11,12,13,14,15,16,17,18,19,20,21,22,23,24,25,26,27,28,29",
                        "startColumns": "4,4,4,4,4,4,4,4,4,4,4,4,4,4,4,4,4,4,4,4,4,4,4,4,4,4,4,4",
                        "startOffsets": "105,225,333,442,528,632,754,836,918,1028,1136,1243,1352,1464,1567,1679,1786,1891,1991,2076,2185,2297,2396,2507,2616,2721,2895,2994",
                        "endColumns": "119,107,108,85,103,121,81,81,109,107,106,108,111,102,111,106,104,99,84,108,111,98,110,108,104,173,98,81",
                        "endOffsets": "220,328,437,523,627,749,831,913,1023,1131,1238,1347,1459,1562,1674,1781,1886,1986,2071,2180,2292,2391,2502,2611,2716,2890,2989,3071"
                    },
                    "to": {
                        "startLines": "2,3,4,5,6,7,8,9,10,11,12,13,14,15,16,17,18,19,20,21,22,23,24,25,26,27,28,47",
                        "startColumns": "4,4,4,4,4,4,4,4,4,4,4,4,4,4,4,4,4,4,4,4,4,4,4,4,4,4,4,4",
                        "startOffsets": "105,225,333,442,528,632,754,836,918,1028,1136,1243,1352,1464,1567,1679,1786,1891,1991,2076,2185,2297,2396,2507,2616,2721,2895,5787",
                        "endColumns": "119,107,108,85,103,121,81,81,109,107,106,108,111,102,111,106,104,99,84,108,111,98,110,108,104,173,98,81",
                        "endOffsets": "220,328,437,523,627,749,831,913,1023,1131,1238,1347,1459,1562,1674,1781,1886,1986,2071,2180,2292,2391,2502,2611,2716,2890,2989,5864"
                    }
                },
                {
                    "source": "/Users/hir-hata/.gradle/caches/transforms-2/files-2.1/ba59237a96471176b9695f534b23ae79/core-1.1.0/res/values-lv/values-lv.xml",
                    "from": {
                        "startLines": "2",
                        "startColumns": "4",
                        "startOffsets": "55",
                        "endColumns": "100",
                        "endOffsets": "151"
                    },
                    "to": {
                        "startLines": "48",
                        "startColumns": "4",
                        "startOffsets": "5869",
                        "endColumns": "100",
                        "endOffsets": "5965"
                    }
                },
                {
                    "source": "/Users/hir-hata/.gradle/caches/transforms-2/files-2.1/590c17bff0588ec43f4b663d912c90d0/jetified-play-services-base-17.0.0/res/values-lv/values.xml",
                    "from": {
                        "startLines": "4,5,6,7,8,9,10,11,12,13,14,15,16,17,18,19,20",
                        "startColumns": "0,0,0,0,0,0,0,0,0,0,0,0,0,0,0,0,0",
                        "startOffsets": "245,350,543,674,780,981,1110,1253,1384,1618,1725,1925,2058,2286,2467,2557,2651",
                        "endColumns": "104,192,130,105,200,128,142,130,233,106,199,132,227,180,89,93,113",
                        "endOffsets": "349,542,673,779,980,1109,1252,1383,1617,1724,1924,2057,2285,2466,2556,2650,2764"
                    },
                    "to": {
                        "startLines": "29,30,31,32,33,34,35,36,38,39,40,41,42,43,44,45,46",
                        "startColumns": "4,4,4,4,4,4,4,4,4,4,4,4,4,4,4,4,4",
                        "startOffsets": "2994,3103,3296,3431,3541,3742,3875,4022,4382,4616,4727,4927,5064,5292,5477,5571,5669",
                        "endColumns": "108,192,134,109,200,132,146,134,233,110,199,136,227,184,93,97,117",
                        "endOffsets": "3098,3291,3426,3536,3737,3870,4017,4152,4611,4722,4922,5059,5287,5472,5566,5664,5782"
                    }
                },
                {
                    "source": "/Users/hir-hata/.gradle/caches/transforms-2/files-2.1/c6a4fa9397969bc208d906381d004bef/jetified-play-services-basement-17.0.0/res/values-lv/values.xml",
                    "from": {
                        "startLines": "4",
                        "startColumns": "0",
                        "startOffsets": "247",
                        "endColumns": "224",
                        "endOffsets": "471"
                    },
                    "to": {
                        "startLines": "37",
                        "startColumns": "4",
                        "startOffsets": "4157",
                        "endColumns": "224",
                        "endOffsets": "4377"
                    }
                }
            ]
        }
    ]
}