{
    "logs": [
        {
            "outputFile": "/Users/hir-hata/Desktop/git/OA_Setting_Assistance/app/build/intermediates/incremental/mergeReleaseResources/merged.dir/values-km/values-km.xml",
            "map": [
                {
                    "source": "/Users/hir-hata/.gradle/caches/transforms-2/files-2.1/c6a4fa9397969bc208d906381d004bef/jetified-play-services-basement-17.0.0/res/values-km/values.xml",
                    "from": {
                        "startLines": "4",
                        "startColumns": "0",
                        "startOffsets": "247",
                        "endColumns": "207",
                        "endOffsets": "454"
                    },
                    "to": {
                        "startLines": "37",
                        "startColumns": "4",
                        "startOffsets": "3956",
                        "endColumns": "207",
                        "endOffsets": "4159"
                    }
                },
                {
                    "source": "/Users/hir-hata/.gradle/caches/transforms-2/files-2.1/ba59237a96471176b9695f534b23ae79/core-1.1.0/res/values-km/values-km.xml",
                    "from": {
                        "startLines": "2",
                        "startColumns": "4",
                        "startOffsets": "55",
                        "endColumns": "100",
                        "endOffsets": "151"
                    },
                    "to": {
                        "startLines": "48",
                        "startColumns": "4",
                        "startOffsets": "5581",
                        "endColumns": "100",
                        "endOffsets": "5677"
                    }
                },
                {
                    "source": "/Users/hir-hata/.gradle/caches/transforms-2/files-2.1/103f6da9cfcddff36db3c6dfd56355ef/appcompat-1.0.2/res/values-km/values-km.xml",
                    "from": {
                        "startLines": "2,3,4,5,6,7,8,9,10,11,12,13,14,15,16,17,18,19,20,21,22,23,24,25,26,27,28,29",
                        "startColumns": "4,4,4,4,4,4,4,4,4,4,4,4,4,4,4,4,4,4,4,4,4,4,4,4,4,4,4,4",
                        "startOffsets": "105,208,308,420,507,611,729,806,883,974,1067,1163,1257,1358,1451,1546,1640,1731,1822,1905,2009,2114,2214,2324,2431,2539,2701,2799",
                        "endColumns": "102,99,111,86,103,117,76,76,90,92,95,93,100,92,94,93,90,90,82,103,104,99,109,106,107,161,97,82",
                        "endOffsets": "203,303,415,502,606,724,801,878,969,1062,1158,1252,1353,1446,1541,1635,1726,1817,1900,2004,2109,2209,2319,2426,2534,2696,2794,2877"
                    },
                    "to": {
                        "startLines": "2,3,4,5,6,7,8,9,10,11,12,13,14,15,16,17,18,19,20,21,22,23,24,25,26,27,28,47",
                        "startColumns": "4,4,4,4,4,4,4,4,4,4,4,4,4,4,4,4,4,4,4,4,4,4,4,4,4,4,4,4",
                        "startOffsets": "105,208,308,420,507,611,729,806,883,974,1067,1163,1257,1358,1451,1546,1640,1731,1822,1905,2009,2114,2214,2324,2431,2539,2701,5498",
                        "endColumns": "102,99,111,86,103,117,76,76,90,92,95,93,100,92,94,93,90,90,82,103,104,99,109,106,107,161,97,82",
                        "endOffsets": "203,303,415,502,606,724,801,878,969,1062,1158,1252,1353,1446,1541,1635,1726,1817,1900,2004,2109,2209,2319,2426,2534,2696,2794,5576"
                    }
                },
                {
                    "source": "/Users/hir-hata/.gradle/caches/transforms-2/files-2.1/590c17bff0588ec43f4b663d912c90d0/jetified-play-services-base-17.0.0/res/values-km/values.xml",
                    "from": {
                        "startLines": "4,5,6,7,8,9,10,11,12,13,14,15,16,17,18,19,20",
                        "startColumns": "0,0,0,0,0,0,0,0,0,0,0,0,0,0,0,0,0",
                        "startOffsets": "245,345,532,651,754,975,1097,1244,1378,1595,1699,1901,2024,2228,2412,2502,2586",
                        "endColumns": "99,186,118,102,220,121,146,133,216,103,201,122,203,183,89,83,101",
                        "endOffsets": "344,531,650,753,974,1096,1243,1377,1594,1698,1900,2023,2227,2411,2501,2585,2687"
                    },
                    "to": {
                        "startLines": "29,30,31,32,33,34,35,36,38,39,40,41,42,43,44,45,46",
                        "startColumns": "4,4,4,4,4,4,4,4,4,4,4,4,4,4,4,4,4",
                        "startOffsets": "2799,2903,3090,3213,3320,3541,3667,3818,4164,4381,4489,4691,4818,5022,5210,5304,5392",
                        "endColumns": "103,186,122,106,220,125,150,137,216,107,201,126,203,187,93,87,105",
                        "endOffsets": "2898,3085,3208,3315,3536,3662,3813,3951,4376,4484,4686,4813,5017,5205,5299,5387,5493"
                    }
                }
            ]
        }
    ]
}