{
    "logs": [
        {
            "outputFile": "/Users/hir-hata/Desktop/git/OA_Setting_Assistance/app/build/intermediates/incremental/mergeReleaseResources/merged.dir/values-pa/values-pa.xml",
            "map": [
                {
                    "source": "/Users/hir-hata/.gradle/caches/transforms-2/files-2.1/ba59237a96471176b9695f534b23ae79/core-1.1.0/res/values-pa/values-pa.xml",
                    "from": {
                        "startLines": "2",
                        "startColumns": "4",
                        "startOffsets": "55",
                        "endColumns": "100",
                        "endOffsets": "151"
                    },
                    "to": {
                        "startLines": "48",
                        "startColumns": "4",
                        "startOffsets": "5595",
                        "endColumns": "100",
                        "endOffsets": "5691"
                    }
                },
                {
                    "source": "/Users/hir-hata/.gradle/caches/transforms-2/files-2.1/103f6da9cfcddff36db3c6dfd56355ef/appcompat-1.0.2/res/values-pa/values-pa.xml",
                    "from": {
                        "startLines": "2,3,4,5,6,7,8,9,10,11,12,13,14,15,16,17,18,19,20,21,22,23,24,25,26,27,28,29",
                        "startColumns": "4,4,4,4,4,4,4,4,4,4,4,4,4,4,4,4,4,4,4,4,4,4,4,4,4,4,4,4",
                        "startOffsets": "105,208,305,410,496,596,709,786,862,953,1046,1142,1236,1337,1430,1525,1619,1710,1801,1880,1981,2085,2182,2291,2390,2500,2659,2759",
                        "endColumns": "102,96,104,85,99,112,76,75,90,92,95,93,100,92,94,93,90,90,78,100,103,96,108,98,109,158,99,79",
                        "endOffsets": "203,300,405,491,591,704,781,857,948,1041,1137,1231,1332,1425,1520,1614,1705,1796,1875,1976,2080,2177,2286,2385,2495,2654,2754,2834"
                    },
                    "to": {
                        "startLines": "2,3,4,5,6,7,8,9,10,11,12,13,14,15,16,17,18,19,20,21,22,23,24,25,26,27,28,47",
                        "startColumns": "4,4,4,4,4,4,4,4,4,4,4,4,4,4,4,4,4,4,4,4,4,4,4,4,4,4,4,4",
                        "startOffsets": "105,208,305,410,496,596,709,786,862,953,1046,1142,1236,1337,1430,1525,1619,1710,1801,1880,1981,2085,2182,2291,2390,2500,2659,5515",
                        "endColumns": "102,96,104,85,99,112,76,75,90,92,95,93,100,92,94,93,90,90,78,100,103,96,108,98,109,158,99,79",
                        "endOffsets": "203,300,405,491,591,704,781,857,948,1041,1137,1231,1332,1425,1520,1614,1705,1796,1875,1976,2080,2177,2286,2385,2495,2654,2754,5590"
                    }
                },
                {
                    "source": "/Users/hir-hata/.gradle/caches/transforms-2/files-2.1/590c17bff0588ec43f4b663d912c90d0/jetified-play-services-base-17.0.0/res/values-pa/values.xml",
                    "from": {
                        "startLines": "4,5,6,7,8,9,10,11,12,13,14,15,16,17,18,19,20",
                        "startColumns": "0,0,0,0,0,0,0,0,0,0,0,0,0,0,0,0,0",
                        "startOffsets": "245,350,555,683,790,996,1123,1262,1391,1612,1719,1923,2053,2265,2452,2544,2636",
                        "endColumns": "104,204,127,106,205,126,138,128,220,106,203,129,211,186,91,91,106",
                        "endOffsets": "349,554,682,789,995,1122,1261,1390,1611,1718,1922,2052,2264,2451,2543,2635,2742"
                    },
                    "to": {
                        "startLines": "29,30,31,32,33,34,35,36,38,39,40,41,42,43,44,45,46",
                        "startColumns": "4,4,4,4,4,4,4,4,4,4,4,4,4,4,4,4,4",
                        "startOffsets": "2759,2868,3073,3205,3316,3522,3653,3796,4139,4360,4471,4675,4809,5021,5212,5308,5404",
                        "endColumns": "108,204,131,110,205,130,142,132,220,110,203,133,211,190,95,95,110",
                        "endOffsets": "2863,3068,3200,3311,3517,3648,3791,3924,4355,4466,4670,4804,5016,5207,5303,5399,5510"
                    }
                },
                {
                    "source": "/Users/hir-hata/.gradle/caches/transforms-2/files-2.1/c6a4fa9397969bc208d906381d004bef/jetified-play-services-basement-17.0.0/res/values-pa/values.xml",
                    "from": {
                        "startLines": "4",
                        "startColumns": "0",
                        "startOffsets": "247",
                        "endColumns": "209",
                        "endOffsets": "456"
                    },
                    "to": {
                        "startLines": "37",
                        "startColumns": "4",
                        "startOffsets": "3929",
                        "endColumns": "209",
                        "endOffsets": "4134"
                    }
                }
            ]
        }
    ]
}