{
    "logs": [
        {
            "outputFile": "/Users/hir-hata/Desktop/git/OA_Setting_Assistance/app/build/intermediates/incremental/mergeReleaseResources/merged.dir/values-en-rGB/values-en-rGB.xml",
            "map": [
                {
                    "source": "/Users/hir-hata/.gradle/caches/transforms-2/files-2.1/590c17bff0588ec43f4b663d912c90d0/jetified-play-services-base-17.0.0/res/values-en-rGB/values.xml",
                    "from": {
                        "startLines": "4,5,6,7,8,9,10,11,12,13,14,15,16,17,18,19,20",
                        "startColumns": "0,0,0,0,0,0,0,0,0,0,0,0,0,0,0,0,0",
                        "startOffsets": "249,352,536,659,764,974,1095,1237,1365,1583,1686,1869,1992,2197,2371,2460,2548",
                        "endColumns": "102,183,122,104,209,120,141,127,217,102,182,122,204,173,88,87,103",
                        "endOffsets": "351,535,658,763,973,1094,1236,1364,1582,1685,1868,1991,2196,2370,2459,2547,2651"
                    },
                    "to": {
                        "startLines": "29,30,31,32,33,34,35,36,38,39,40,41,42,43,44,45,46",
                        "startColumns": "4,4,4,4,4,4,4,4,4,4,4,4,4,4,4,4,4",
                        "startOffsets": "2764,2871,3055,3182,3291,3501,3626,3772,4101,4319,4426,4609,4736,4941,5119,5212,5304",
                        "endColumns": "106,183,126,108,209,124,145,131,217,106,182,126,204,177,92,91,107",
                        "endOffsets": "2866,3050,3177,3286,3496,3621,3767,3899,4314,4421,4604,4731,4936,5114,5207,5299,5407"
                    }
                },
                {
                    "source": "/Users/hir-hata/.gradle/caches/transforms-2/files-2.1/103f6da9cfcddff36db3c6dfd56355ef/appcompat-1.0.2/res/values-en-rGB/values-en-rGB.xml",
                    "from": {
                        "startLines": "2,3,4,5,6,7,8,9,10,11,12,13,14,15,16,17,18,19,20,21,22,23,24,25,26,27,28,29",
                        "startColumns": "4,4,4,4,4,4,4,4,4,4,4,4,4,4,4,4,4,4,4,4,4,4,4,4,4,4,4,4",
                        "startOffsets": "105,209,309,417,501,601,716,793,869,960,1053,1149,1243,1344,1437,1532,1626,1717,1808,1890,1993,2097,2196,2301,2404,2508,2664,2764",
                        "endColumns": "103,99,107,83,99,114,76,75,90,92,95,93,100,92,94,93,90,90,81,102,103,98,104,102,103,155,99,81",
                        "endOffsets": "204,304,412,496,596,711,788,864,955,1048,1144,1238,1339,1432,1527,1621,1712,1803,1885,1988,2092,2191,2296,2399,2503,2659,2759,2841"
                    },
                    "to": {
                        "startLines": "2,3,4,5,6,7,8,9,10,11,12,13,14,15,16,17,18,19,20,21,22,23,24,25,26,27,28,47",
                        "startColumns": "4,4,4,4,4,4,4,4,4,4,4,4,4,4,4,4,4,4,4,4,4,4,4,4,4,4,4,4",
                        "startOffsets": "105,209,309,417,501,601,716,793,869,960,1053,1149,1243,1344,1437,1532,1626,1717,1808,1890,1993,2097,2196,2301,2404,2508,2664,5412",
                        "endColumns": "103,99,107,83,99,114,76,75,90,92,95,93,100,92,94,93,90,90,81,102,103,98,104,102,103,155,99,81",
                        "endOffsets": "204,304,412,496,596,711,788,864,955,1048,1144,1238,1339,1432,1527,1621,1712,1803,1885,1988,2092,2191,2296,2399,2503,2659,2759,5489"
                    }
                },
                {
                    "source": "/Users/hir-hata/.gradle/caches/transforms-2/files-2.1/ba59237a96471176b9695f534b23ae79/core-1.1.0/res/values-en-rGB/values-en-rGB.xml",
                    "from": {
                        "startLines": "2",
                        "startColumns": "4",
                        "startOffsets": "55",
                        "endColumns": "100",
                        "endOffsets": "151"
                    },
                    "to": {
                        "startLines": "48",
                        "startColumns": "4",
                        "startOffsets": "5494",
                        "endColumns": "100",
                        "endOffsets": "5590"
                    }
                },
                {
                    "source": "/Users/hir-hata/.gradle/caches/transforms-2/files-2.1/c6a4fa9397969bc208d906381d004bef/jetified-play-services-basement-17.0.0/res/values-en-rGB/values.xml",
                    "from": {
                        "startLines": "4",
                        "startColumns": "0",
                        "startOffsets": "251",
                        "endColumns": "196",
                        "endOffsets": "447"
                    },
                    "to": {
                        "startLines": "37",
                        "startColumns": "4",
                        "startOffsets": "3904",
                        "endColumns": "196",
                        "endOffsets": "4096"
                    }
                }
            ]
        }
    ]
}