{
    "logs": [
        {
            "outputFile": "/Users/hir-hata/Desktop/git/OA_Setting_Assistance/app/build/intermediates/incremental/mergeReleaseResources/merged.dir/values-is/values-is.xml",
            "map": [
                {
                    "source": "/Users/hir-hata/.gradle/caches/transforms-2/files-2.1/c6a4fa9397969bc208d906381d004bef/jetified-play-services-basement-17.0.0/res/values-is/values.xml",
                    "from": {
                        "startLines": "4",
                        "startColumns": "0",
                        "startOffsets": "247",
                        "endColumns": "187",
                        "endOffsets": "434"
                    },
                    "to": {
                        "startLines": "37",
                        "startColumns": "4",
                        "startOffsets": "3916",
                        "endColumns": "187",
                        "endOffsets": "4099"
                    }
                },
                {
                    "source": "/Users/hir-hata/.gradle/caches/transforms-2/files-2.1/103f6da9cfcddff36db3c6dfd56355ef/appcompat-1.0.2/res/values-is/values-is.xml",
                    "from": {
                        "startLines": "2,3,4,5,6,7,8,9,10,11,12,13,14,15,16,17,18,19,20,21,22,23,24,25,26,27,28,29",
                        "startColumns": "4,4,4,4,4,4,4,4,4,4,4,4,4,4,4,4,4,4,4,4,4,4,4,4,4,4,4,4",
                        "startOffsets": "105,205,302,414,499,600,714,794,874,965,1058,1154,1248,1355,1448,1543,1638,1729,1823,1904,2014,2122,2220,2329,2428,2531,2686,2784",
                        "endColumns": "99,96,111,84,100,113,79,79,90,92,95,93,106,92,94,94,90,93,80,109,107,97,108,98,102,154,97,80",
                        "endOffsets": "200,297,409,494,595,709,789,869,960,1053,1149,1243,1350,1443,1538,1633,1724,1818,1899,2009,2117,2215,2324,2423,2526,2681,2779,2860"
                    },
                    "to": {
                        "startLines": "2,3,4,5,6,7,8,9,10,11,12,13,14,15,16,17,18,19,20,21,22,23,24,25,26,27,28,47",
                        "startColumns": "4,4,4,4,4,4,4,4,4,4,4,4,4,4,4,4,4,4,4,4,4,4,4,4,4,4,4,4",
                        "startOffsets": "105,205,302,414,499,600,714,794,874,965,1058,1154,1248,1355,1448,1543,1638,1729,1823,1904,2014,2122,2220,2329,2428,2531,2686,5421",
                        "endColumns": "99,96,111,84,100,113,79,79,90,92,95,93,106,92,94,94,90,93,80,109,107,97,108,98,102,154,97,80",
                        "endOffsets": "200,297,409,494,595,709,789,869,960,1053,1149,1243,1350,1443,1538,1633,1724,1818,1899,2009,2117,2215,2324,2423,2526,2681,2779,5497"
                    }
                },
                {
                    "source": "/Users/hir-hata/.gradle/caches/transforms-2/files-2.1/590c17bff0588ec43f4b663d912c90d0/jetified-play-services-base-17.0.0/res/values-is/values.xml",
                    "from": {
                        "startLines": "4,5,6,7,8,9,10,11,12,13,14,15,16,17,18,19,20",
                        "startColumns": "0,0,0,0,0,0,0,0,0,0,0,0,0,0,0,0,0",
                        "startOffsets": "245,349,535,658,765,965,1088,1223,1353,1566,1670,1858,1982,2183,2363,2453,2542",
                        "endColumns": "103,185,122,106,199,122,134,129,212,103,187,123,200,179,89,88,103",
                        "endOffsets": "348,534,657,764,964,1087,1222,1352,1565,1669,1857,1981,2182,2362,2452,2541,2645"
                    },
                    "to": {
                        "startLines": "29,30,31,32,33,34,35,36,38,39,40,41,42,43,44,45,46",
                        "startColumns": "4,4,4,4,4,4,4,4,4,4,4,4,4,4,4,4,4",
                        "startOffsets": "2784,2892,3078,3205,3316,3516,3643,3782,4104,4317,4425,4613,4741,4942,5126,5220,5313",
                        "endColumns": "107,185,126,110,199,126,138,133,212,107,187,127,200,183,93,92,107",
                        "endOffsets": "2887,3073,3200,3311,3511,3638,3777,3911,4312,4420,4608,4736,4937,5121,5215,5308,5416"
                    }
                },
                {
                    "source": "/Users/hir-hata/.gradle/caches/transforms-2/files-2.1/ba59237a96471176b9695f534b23ae79/core-1.1.0/res/values-is/values-is.xml",
                    "from": {
                        "startLines": "2",
                        "startColumns": "4",
                        "startOffsets": "55",
                        "endColumns": "100",
                        "endOffsets": "151"
                    },
                    "to": {
                        "startLines": "48",
                        "startColumns": "4",
                        "startOffsets": "5502",
                        "endColumns": "100",
                        "endOffsets": "5598"
                    }
                }
            ]
        }
    ]
}