{
    "logs": [
        {
            "outputFile": "/Users/hir-hata/Desktop/git/OA_Setting_Assistance/app/build/intermediates/incremental/mergeReleaseResources/merged.dir/values-nb/values-nb.xml",
            "map": [
                {
                    "source": "/Users/hir-hata/.gradle/caches/transforms-2/files-2.1/103f6da9cfcddff36db3c6dfd56355ef/appcompat-1.0.2/res/values-nb/values-nb.xml",
                    "from": {
                        "startLines": "2,3,4,5,6,7,8,9,10,11,12,13,14,15,16,17,18,19,20,21,22,23,24,25,26,27,28,29",
                        "startColumns": "4,4,4,4,4,4,4,4,4,4,4,4,4,4,4,4,4,4,4,4,4,4,4,4,4,4,4,4",
                        "startOffsets": "105,213,308,422,508,608,721,797,873,964,1057,1153,1247,1348,1441,1536,1634,1725,1816,1896,1999,2098,2194,2298,2396,2497,2650,2747",
                        "endColumns": "107,94,113,85,99,112,75,75,90,92,95,93,100,92,94,97,90,90,79,102,98,95,103,97,100,152,96,78",
                        "endOffsets": "208,303,417,503,603,716,792,868,959,1052,1148,1242,1343,1436,1531,1629,1720,1811,1891,1994,2093,2189,2293,2391,2492,2645,2742,2821"
                    },
                    "to": {
                        "startLines": "2,3,4,5,6,7,8,9,10,11,12,13,14,15,16,17,18,19,20,21,22,23,24,25,26,27,28,47",
                        "startColumns": "4,4,4,4,4,4,4,4,4,4,4,4,4,4,4,4,4,4,4,4,4,4,4,4,4,4,4,4",
                        "startOffsets": "105,213,308,422,508,608,721,797,873,964,1057,1153,1247,1348,1441,1536,1634,1725,1816,1896,1999,2098,2194,2298,2396,2497,2650,5449",
                        "endColumns": "107,94,113,85,99,112,75,75,90,92,95,93,100,92,94,97,90,90,79,102,98,95,103,97,100,152,96,78",
                        "endOffsets": "208,303,417,503,603,716,792,868,959,1052,1148,1242,1343,1436,1531,1629,1720,1811,1891,1994,2093,2189,2293,2391,2492,2645,2742,5523"
                    }
                },
                {
                    "source": "/Users/hir-hata/.gradle/caches/transforms-2/files-2.1/ba59237a96471176b9695f534b23ae79/core-1.1.0/res/values-nb/values-nb.xml",
                    "from": {
                        "startLines": "2",
                        "startColumns": "4",
                        "startOffsets": "55",
                        "endColumns": "100",
                        "endOffsets": "151"
                    },
                    "to": {
                        "startLines": "48",
                        "startColumns": "4",
                        "startOffsets": "5528",
                        "endColumns": "100",
                        "endOffsets": "5624"
                    }
                },
                {
                    "source": "/Users/hir-hata/.gradle/caches/transforms-2/files-2.1/590c17bff0588ec43f4b663d912c90d0/jetified-play-services-base-17.0.0/res/values-nb/values.xml",
                    "from": {
                        "startLines": "4,5,6,7,8,9,10,11,12,13,14,15,16,17,18,19,20",
                        "startColumns": "0,0,0,0,0,0,0,0,0,0,0,0,0,0,0,0,0",
                        "startOffsets": "245,348,539,663,770,985,1113,1259,1387,1600,1705,1897,2023,2224,2426,2519,2607",
                        "endColumns": "102,190,123,106,214,127,145,127,212,104,191,125,200,201,92,87,102",
                        "endOffsets": "347,538,662,769,984,1112,1258,1386,1599,1704,1896,2022,2223,2425,2518,2606,2709"
                    },
                    "to": {
                        "startLines": "29,30,31,32,33,34,35,36,38,39,40,41,42,43,44,45,46",
                        "startColumns": "4,4,4,4,4,4,4,4,4,4,4,4,4,4,4,4,4",
                        "startOffsets": "2747,2854,3045,3173,3284,3499,3631,3781,4102,4315,4424,4616,4746,4947,5153,5250,5342",
                        "endColumns": "106,190,127,110,214,131,149,131,212,108,191,129,200,205,96,91,106",
                        "endOffsets": "2849,3040,3168,3279,3494,3626,3776,3908,4310,4419,4611,4741,4942,5148,5245,5337,5444"
                    }
                },
                {
                    "source": "/Users/hir-hata/.gradle/caches/transforms-2/files-2.1/c6a4fa9397969bc208d906381d004bef/jetified-play-services-basement-17.0.0/res/values-nb/values.xml",
                    "from": {
                        "startLines": "4",
                        "startColumns": "0",
                        "startOffsets": "247",
                        "endColumns": "188",
                        "endOffsets": "435"
                    },
                    "to": {
                        "startLines": "37",
                        "startColumns": "4",
                        "startOffsets": "3913",
                        "endColumns": "188",
                        "endOffsets": "4097"
                    }
                }
            ]
        }
    ]
}